Index,folder_name,pdf_filename,question,context,ground_truth,evolution_type,page_number,persona_name,query_style,query_length
1,보험개발원,New-Tech 트렌드(2025년 10월).pdf,정부는 데이터센터를 지방으로 이전하는 정책을 왜 실시했나요?,"['목   차\n\x01 테마동향·······················································································1\x01\nAI의\x01 엔진\x01 ‘데이터센터’,\x01 미래\x01 산업\x01 경쟁력을\x01 위한\x01 과제····································\x01 1\n9월\x01 26일\x01 국가정보자원관리원\x01 데이터센터\x01 화재로\x01 709개의\x01 정부\x01 시스템이\x01 중단되어\x01 혼란이\x01 야기됨.\x01\n데이터센터의\x01 중요성이\x01 드러난\x01 가운데\x01 글로벌\x01 데이터센터\x01 시장은\x01 10년간(’23-’32)\x01 연평균\x01 11.6%\x01 성장할\x01\n전망.\x01 국내\x01 데이터센터는\x01 수도권에\x01 집중되어\x01 있어\x01 정부는\x01 전력망\x01 부담\x01 분산을\x01 위해\x01 데이터센터를\x01 지방에\x01\n이전･개발하도록\x01 유도하는\x01 정책을\x01 실시했으나\x01 업계는\x01 인력\x01 및\x01 인프라\x01 부족\x01 문제를\x01 우려\x01 중.\x01 따라서\x01\n산업\x01 경쟁력\x01 강화를\x01 함께\x01 이루기\x01 위해\x01 연관\x01 산업\x01 클러스터\x01 조성을\x01 통한\x01 산업\x01 생태계\x01 이전이\x01 필요\x01\n\x01 \x01 \x01 \x01 \x01 \x01 \x01 \x01 \x01 \x01 \x01 \x01 \x01 \x01 \x01 \x01 \x01 \x01 \x01 \x01 \x01 \x01 \x01 \x01 \x01 \x01 \x01 \x01 \x01 \x01 \x01 \x01 \x01 \x01 \x01 \x01 \x01 \x01 상기\x01 이미지는\x01 챗GPT를\x01 활용하여\x01 생성\n']",정부는 전력망 부담 분산을 위해 데이터센터를 지방에 이전･개발하도록 유도하는 정책을 실시했습니다.,single_hop_specific_query_synthesizer,2,Biomedical Engineer,POOR_GRAMMAR,MEDIUM
2,보험개발원,New-Tech 트렌드(2025년 10월).pdf,What is PIMBA and its significance in AI semiconductor innovation?,"['목   차\n\x01 신기술\x01 동향···············································································\x01 5\x01\nAI･웨어러블\x01 치매\x01 조기\x01 선별…전기연구원\x01 신기술\x01 개발···········································\x01 5\n“사진\x01 속\x01 깊이까지\x01 읽는다”\x01 AI\x01 공간\x01 추론\x01 명령어\x01 기술\x01 개발·································\x01 6\n의사도\x01 놓치기\x01 쉬운\x01 ‘장천공’,\x01 AI로\x01 빨리\x01 찾는다·······················································\x01 7\nKAIST,\x01 세계\x01 첫\x01 ‘PIMBA’\x01 개발…\x01 AI\x01 반도체\x01 혁신\x01 열다·········································\x01 8\n배터리\x01 없이\x01 피부\x01 접촉만으로\x01 생체\x01 정보\x01 감지한다···················································\x01 9\n드론\x01 탑재\x01 AI\x01 순찰차\x01 “영화같네”…내년\x01 상반기\x01 현장\x01 도입····································\x01 10\n“레고블록\x01 분해\x01 조립하듯”\x01 세포·약물\x01 반응\x01 예측…AI\x01 신기술\x01 등장······················\x01 11\n구슬\x01 충격으로\x01 아산화질소\x01 분해…온실가스\x01 저감\x01 신기술\x01 나왔다··························\x01 12\n\x01 보험산업\x01 동향·········································································\x01 13\x01 \x01\n취리히\x01 보험,\x01 홍콩\x01 택시\x01 운전자를\x01 위한\x01 AI\x01 기반\x01 맞춤형\x01 보험상품\x01 출시············\x01 13\n인도의\x01 New\x01 India\x01 Assurance,\x01 팬데믹\x01 대응\x01 지수형\x01 보험상품\x01 출시················\x01 14\n마이브라운,\x01 업계\x01 최초\x01 ‘라이브청구’\x01 도입································································\x01 15\nNH농협손보,\x01 AI\x01 기반\x01 ‘해피콜\x01 음성봇’으로\x01 외국인\x01 고객\x01 지원·····························\x01 16\n예보,\x01 공공기관\x01 최초\x01 ‘AI용\x01 합성데이터’\x01 민간에\x01 개방·············································\x01 17\n교보라이프플래닛\x01 해외진출…FWD그룹과\x01 AI\x01 보장분석\x01 시스템\x01 구축·················\x01 18\n로킷헬스케어\x01 AI\x01 기반\x01 치료법\x01 “美\x01 대형병원서\x01 공공보험\x01 인정\x01 첫\x01 사례” ···········\x01 19\n\x01 정책\x01 소식·················································································\x01 20\x01\n美\x01 캘리포니아주,\x01 아동·청소년\x01 대상\x01 AI\x01 챗봇\x01 규제\x01 최초\x01 입법······························\x01 20\n건강보험\x01 빅데이터\x01 활용\x01 문턱\x01 낮춘다········································································\x01 21\n국가가\x01 나서\x01 제조·산업\x01 AI\x01 대전환…범부처\x01 협력\x01 본격화·······································\x01 22\n40일\x01 걸린\x01 농작물\x01 데이터\x01 분석,\x01 AI에\x01 맡기니\x01 하루\x01 만에\x01 끝································\x01 23\n공정위,\x01 불공정\x01 하도급\x01 계약\x01 예방\x01 위해\x01 AI\x01 플랫폼\x01 구축\x01 추진······························\x01 24\n기후변화\x01 틈탄\x01 쥐떼의\x01 역습…IoT\x01 신기술로\x01 대응한다············································\x01 25\n개인정보위원회,\x01 AI\x01 기업\x01 데이터\x01 활용\x01 문턱\x01 낮춘다···············································\x01 26\n※\x01New-Tech\x01 트렌드\x01 자료는\x01 웹페이지\x01 (https://bigin.kidi.or.kr)에서\x01 확인\x01 가능하며,\x01\n\x01\x01\x01 메일링서비스\x01 요청\x01 시\x01 bigin@kidi.or.kr로\x01 문의\x01 부탁드립니다.\n']","PIMBA is a technology developed by KAIST, marking the world's first innovation in AI semiconductors.",single_hop_specific_query_synthesizer,3,Insurance Technology Analyst,WEB_SEARCH_LIKE,SHORT
3,보험개발원,New-Tech 트렌드(2025년 10월).pdf,What is the significance of 오픈AI's announcement regarding AI data centers in South Korea?,"['- 1 -\n1 테마 동향\nAI의\x01 엔진\x01 ‘데이터센터’,\x01 미래\x01 산업\x01 경쟁력을\x01 위한\x01 과제\n 출처 : 동아일보(2025.10.01.) 삼성·SK, 오픈AI ‘스타게이트 프로젝트’에 HBM 공급한다\n       서울경제(2025.10.17.) 국정자원 화재 21일 만에 50% 이상 복구…완전 정상화는 11월 목표\n       tech42(2025.10.21.) AI의 그늘: 빅테크의 데이터센터가 미국 전력망을 집어삼키다\n       전기저널(2025.10.21.) AI 시대 국가 경쟁력, ‘전력망’에 달렸다\n<일상을\x01 지탱하는\x01 보이지\x01 않는\x01 인프라>\n◾ 2025년\x01 9월\x01 26일,\x01 대전에\x01 위치한\x01 국가정보자원관리원(이하\x01 ‘국정자원’)\x01 데이터센터에서\x01\n화재가\x01 발생하면서\x01 총\x01 702개의\x01 정부\x01 시스템\x01 가동이\x01 중단되는\x01 초유의\x01 사태가\x01 벌어짐\n\x01 \x01 -\x01 각\x01 부처의\x01 서버를\x01 모아\x01 둔\x01 데이터센터\x01 전산실에서\x01 리튬이온\x01 배터리가\x01 폭발하면서\x01 화재가\x01 발생,\x01\n대국민\x01 서비스인\x01 정부24,\x01 모바일\x01 신분증,\x01 우체국\x01 금융\x01 등\x01 국민의\x01 일상과\x01 밀접한\x01 서비스가\x01 중단됨\n<주요\x01 국가전산망\x01 서비스\x01 중단으로\x01 인한\x01 혼란>\n자료:\x01 중앙일보(2025.09.28.)\x01 비행기\x01 못\x01 타고\x01 인터넷\x01 대출,\x01 부동산\x01 거래도\x01 멈췄다…사흘째\x01 국가\x01 전산망\x01 피해\n\x01 \x01 -\x01 중단된\x01 서비스\x01 709개\x01 중\x01 복구된\x01 서비스는\x01 10월\x01 17일\x01 오후\x01 9시\x01 기준\x01 357개로,\x01 사고\x01 21일\x01 만에\x01 절반\x01\n이상이\x01 복구되었으며\x01 정부는\x01 11월\x01 20일까지\x01 나머지\x01 시스템을\x01 모두\x01 재개하겠다고\x01 발표함\n\x01 \x01 -\x01 이는\x01 3년\x01 전\x01 민간\x01 데이터센터\x01 화재로\x01 인한\x01 카카오톡\x01 먹통\x01 사태\x01 때\x01 정부가\x01 “국정자원\x01 본원이\x01\n화재로\x01 소실되어도\x01 3시간이면\x01 복구할\x01 수\x01 있다”고\x01 자신한\x01 것과는\x01 상반된\x01 결과\n◾ 이처럼\x01 데이터센터의\x01 중요성을\x01 실감하던\x01 가운데,\x01 10월\x01 1일\x01 오픈AI가\x01 한국\x01 정부와\x01 삼성,\x01\nSK과\x01 함께\x01 국내에\x01 AI\x01 데이터센터를\x01 개발하겠다고\x01 발표하면서\x01 큰\x01 주목을\x01 받았으나,\x01 한국의\x01\n입지적\x01 약점으로\x01 인해\x01 실질적으로\x01 국내\x01 개발이\x01 어려울\x01 것이라는\x01 의견도\x01 제기되고\x01 있음\n\x01 \x01 -\x01 삼성SDS와\x01 SK텔레콤은\x01 서남권에\x01 AI\x01 데이터센터를\x01 개발하고\x01 반도체\x01 공급을\x01 포함한\x01 데이터센터의\x01\n설계･운영\x01 등\x01 전반에\x01 참여하며\x01 정부를\x01 이를\x01 통해\x01 전국을\x01 아우르는\x01 ‘AI\x01 벨트’를\x01 구축할\x01 계획임을\x01 밝힘\n\x01 \x01 -\x01 그러나\x01 한국은\x01 비싼\x01 땅값과\x01 전기\x01 요금,\x01 송전망\x01 설치\x01 문제\x01 등\x01 전력\x01 인프라\x01 구축과\x01 냉각기술\x01 개발,\x01\n입지\x01 선정과\x01 관련한\x01 갈등,\x01 관련\x01 규제의\x01 부재\x01 등\x01 데이터센터\x01 개발과\x01 관련하여\x01 여러\x01 과제를\x01 안고\x01 있음\n◾ 따라서,\x01 데이터센터\x01 시장\x01 전망과\x01 함께\x01 지속\x01 가능한\x01 모델을\x01 구축하기\x01 위한\x01 인프라\x01 전략을\x01\n전력\x01 및\x01 냉각기술,\x01 입지\x01 선정\x01 등과\x01 함께\x01 국내\x01 정책\x01 방향\x01 면에서\x01 살펴보고자\x01 함\n테\n마\n동\n향\n']","오픈AI announced on October 1 that it would collaborate with the South Korean government, Samsung, and SK to develop AI data centers in the country. This announcement garnered significant attention, although there are concerns that South Korea's geographical disadvantages may hinder the practical development of these facilities.",single_hop_specific_query_synthesizer,4,Biomedical Engineer,PERFECT_GRAMMAR,SHORT
4,보험개발원,New-Tech 트렌드(2025년 10월).pdf,오픈AI는 어떤 프로젝트를 발표했나요?,"['- 2 -\n<데이터센터\x01 시장의\x01 성장과\x01 관련\x01 기술>\n◾ 글로벌\x01 시장조사기관\x01 Fortune\x01 Business\x01 Insights에\x01 의하면\x01 데이터센터\x01 시장은\x01 폭발\n적인\x01 성장세와\x01 함께\x01 2023년\x01 2,192억\x01 달러(약\x01 313조\x01 원)에서\x01 2032년까지\x01 연평균\x01\n11.6%\x01 성장하여\x01 5,848억\x01 달러(약\x01 837조\x01 원)에\x01 이를\x01 것으로\x01 전망\n\x01 \x01 -\x01 특히\x01 AI\x01 데이터센터\x01 시장\x01 규모의\x01 경우\x01 2025년\x01 177억\x01 달러(약\x01 25조\x01 원)에서\x01 2032년까지\x01 연평균\x01\n26.83%\x01 성장하여\x01 936억\x01 달러(134조\x01 원)가\x01 될\x01 것으로\x01 예상\n\x01 \x01 -\x01 한국데이터센터연합회(IDC)에\x01 따르면\x01 국내\x01 데이터센터\x01 시장\x01 역시\x01 2023년\x01 5조2,200억\x01 원에서\x01\n2028년까지\x01 10조1,900억\x01 원으로\x01 2배\x01 가량\x01 증가할\x01 것으로\x01 기대됨\n<국내\x01 데이터센터\x01 시장\x01 규모\x01 (단위:\x01 조\x01 원)>\n자료:\x01 한국데이터센터연합회\n◾ 글로벌\x01 빅테크\x01 기업들이\x01 세계\x01 각지에\x01 초대형\x01 AI\x01 데이터센터*를\x01 개발하고\x01 있으며,\x01 이에\x01\n따라\x01 데이터의\x01 저장･처리에\x01 필요한\x01 전력\x01 및\x01 냉각기술\x01 등에\x01 대한\x01 투자도\x01 확대되고\x01 있음\n\x01 \x01 \x01 \x01 *\x01 수천~수만\x01 대의\x01 서버를\x01 수용할\x01 수\x01 있는\x01 초대형\x01 규모의\x01 데이터센터로,\x01 전력\x01 사용량과\x01 냉각\x01 인프라에\x01 대한\x01\n수요가\x01 높아\x01 효율적인\x01 에너지\x01 관리와\x01 함께\x01 고도화된\x01 냉각\x01 시스템이\x01 반드시\x01 필요\n\x01 \x01 -\x01 2025년\x01 1월\x01 오픈AI는\x01 역사상\x01 최대\x01 규모의\x01 AI\x01 인프라\x01 사업인\x01 스타게이트\x01 프로젝트(이하\x01 ‘스타게이트’)를\x01\n발표,\x01 엔비디아와\x01 삼성,\x01 SK가\x01 사업에\x01 필요한\x01 반도체\x01 공급\x01 및\x01 데이터센터\x01 개발에\x01 함께\x01 나서기로\x01\n하는\x01 등\x01 국내외\x01 기업들\x01 모두\x01 스타게이트에\x01 적극\x01 참여하면서\x01 데이터센터\x01 산업에\x01 진출하는\x01 중\n\x01 \x01 -\x01 삼성과\x01 SK는\x01 데이터센터\x01 건설에\x01 필요한\x01 고대역폭\x01 메모리(HBM)와\x01 메모리\x01 반도체를\x01 공급할\x01 예정\n이며,\x01 특히\x01 삼성물산과\x01 삼성중공업은\x01 오픈AI와\x01 함께\x01 수상\x01 데이터센터\x01 개발에\x01 나서기로\x01 함\n\x01 \x01 -\x01 그\x01 외\x01 마이크로소프트와\x01 메타\x01 또한\x01 각각\x01 2025년에\x01 800억과\x01 650억\x01 달러\x01 규모를\x01 AI\x01 데이터센터\x01\n설립에\x01 투자하겠다고\x01 발표\n테\n마\n동\n향\n']",2025년 1월 오픈AI는 역사상 최대 규모의 AI 인프라 사업인 스타게이트 프로젝트를 발표했습니다.,single_hop_specific_query_synthesizer,5,Biomedical Engineer,MISSPELLED,SHORT
5,보험개발원,New-Tech 트렌드(2025년 10월).pdf,"What are the projected trends for global data center power consumption in 2024 and beyond, particularly in relation to energy efficiency and cooling technologies?","['- 3 -\n◾ 이처럼\x01 데이터센터가\x01 기업\x01 및\x01 국가의\x01 필수\x01 기반시설로\x01 자리\x01 잡으면서\x01 특히\x01 높은\x01 전력\x01\n밀도와\x01 연산\x01 집약\x01 워크로드\x01 처리가\x01 필요한\x01 초대형\x01 AI\x01 데이터센터와\x01 관련하여\x01 냉각･\n전력･입지\x01 전략이\x01 운영\x01 안정성,\x01 비용\x01 경쟁력을\x01 결정짓는\x01 핵심\x01 요소로서\x01 주목받고\x01 있음\n\\\n\x01 \x01 -\x01 IDC에\x01 의하면\x01 국내\x01 데이터센터\x01 전력\x01 수요는\x01 2025년\x01 4,461MW에서\x01 연평균\x01 11%씩\x01 증가하여\x01\n2028년\x01 6,175MW로\x01 약\x01 1.4배\x01 증가할\x01 전망\n\x01 \x01 -\x01 국제에너지기구(IEA)는\x01 전\x01 세계\x01 데이터센터\x01 전력\x01 소비량은\x01 2024년\x01 415테라와트시(TWh)였으며\x01\n2030년에는\x01 945TWh로\x01 2배\x01 이상\x01 증가할\x01 것으로\x01 예측함\n\x01 \x01 \x01 \x01 *\x01 2030년\x01 전\x01 세계\x01 전력\x01 소비량의\x01 약\x01 3%에\x01 해당\n<글로벌\x01 데이터센터\x01 전력\x01 소비\x01 전망\x01 (단위:\x01 TWh)>\n자료:\x01 중앙일보(2025.09.02.)\x01 데이터센터\x01 에너지\x01 전쟁…우린\x01 싸울만한\x01 ‘전력’인가\n\x01 \x01 -\x01 이러한\x01 전력\x01 사용량\x01 중\x01 상당\x01 부분은\x01 서버에서\x01 발생하는\x01 열을\x01 식히는\x01 냉각에\x01 소비되는데,\x01 에너지\x01\n효율적\x01 냉각\x01 기술인\x01 액침\x01 냉각\x01 기술이\x01 최근\x01 주목을\x01 받으면서\x01 입지\x01 선정\x01 요건으로서\x01 풍부한\x01 물\x01\n자원이\x01 중요해지고\x01 있음\n\x01 \x01 -\x01 그\x01 외에도\x01 입지\x01 선정\x01 시\x01 해상\x01 풍력･수력\x01 발전\x01 인프라가\x01 풍부하면서\x01 냉각을\x01 위해\x01 기후가\x01 서늘한\x01\n지역,\x01 낮은\x01 전력\x01 비용\x01 등이\x01 입지\x01 선정\x01 요건으로\x01 고려되며\x01 사용자에게\x01 가까울수록\x01 지연이\x01 줄어들어\x01\n넓은\x01 부지를\x01 가진\x01 대도시\x01 인근이\x01 유리\n<국내\x01 AI\x01 데이터센터\x01 정책\x01 방향>\n◾ 국내\x01 데이터센터의\x01 약\x01 80%가\x01 수도권에\x01 몰려\x01 있어\x01 전력망\x01 부담이나\x01 지역\x01 반발\x01 문제가\x01\n더욱\x01 악화되고\x01 있는데,\x01 이에\x01 분산에너지활성화특별법이\x01 제정되어\x01 2024년\x01 6월\x01 시행됨\n\x01 \x01 -\x01 해당\x01 법에서는\x01 전력계통영향평가*에\x01 대한\x01 기준을\x01 제시하고\x01 있는데\x01 수도권에서는\x01 사실상\x01 강화된\x01\n전력\x01 확보\x01 허가\x01 기준을\x01 맞출\x01 수\x01 없어\x01 지방에\x01 분산\x01 설치하도록\x01 유도됨\n\x01 \x01 \x01 \x01 *\x01 대규모\x01 전력\x01 소비\x01 시설을\x01 새로\x01 설치할\x01 때\x01 해당\x01 사업이\x01 전력계통에\x01 미치는\x01 영향을\x01 평가하는\x01 제도로,\x01\n수도권처럼\x01 전력\x01 공급이\x01 포화된\x01 지역의\x01 혼잡을\x01 방지하고\x01 전력망의\x01 안정성을\x01 확보하기\x01 위해\x01 도입\n\x01 \x01 -\x01 그\x01 외\x01 비수도권\x01 설치\x01 관련\x01 재정\x01 지원을\x01 확대하고\x01 전력계통영향평가\x01 시\x01 가점을\x01 부여하는\x01 등의\x01 방법을\x01\n통해\x01 수도권에\x01 대형\x01 데이터센터가\x01 무분별하게\x01 들어서는\x01 것을\x01 억제하여\x01 블랙아웃을\x01 예방하고자\x01 함\n테\n마\n동\n향\n']","According to the International Energy Agency (IEA), global data center power consumption is projected to reach 415 terawatt-hours (TWh) in 2024, with expectations to more than double to 945 TWh by 2030. A significant portion of this power usage is consumed for cooling, which is necessary to dissipate heat generated by servers. Recently, energy-efficient cooling technologies, such as immersion cooling, have gained attention, highlighting the importance of abundant water resources for site selection. Additionally, factors such as the availability of offshore wind and hydropower infrastructure, cooler climates for cooling, and lower electricity costs are increasingly considered in site selection criteria.",single_hop_specific_query_synthesizer,6,Insurance Technology Analyst,PERFECT_GRAMMAR,LONG
6,보험개발원,New-Tech 트렌드(2025년 10월).pdf,데이터센터가 왜 중요한가?,"['- 4 -\n◾ 그러나\x01 이러한\x01 규제가\x01 글로벌\x01 기업들이\x01 앞다퉈\x01 데이터센터를\x01 확충하는\x01 상황에서\x01 오히려\x01\n데이터센터의\x01 빠른\x01 개발을\x01 방해하는\x01 요소가\x01 된다는\x01 의견도\x01 존재\n\x01 \x01 -\x01 업계\x01 관계자들은\x01 지방\x01 AI\x01 데이터센터\x01 설립\x01 계획이\x01 비현실적이라\x01 지적하는데,\x01 이들은\x01 지방에서\x01 전문\x01\n인력을\x01 확보하기\x01 어려운\x01 점,\x01 수도권\x01 대비\x01 인근에\x01 백업용\x01 데이터센터가\x01 부재한\x01 점,\x01 가장\x01 큰\x01 수요를\x01\n차지하는\x01 수도권까지의\x01 거리로\x01 인한\x01 데이터\x01 이동\x01 시\x01 비용이\x01 부담되는\x01 점\x01 등을\x01 그\x01 이유로\x01 듦\n\x01 \x01 -\x01 정부는\x01 이러한\x01 문제와\x01 함께\x01 민원,\x01 환경\x01 규제\x01 개선을\x01 위해\x01 ‘AI\x01 데이터센터\x01 진흥\x01 특별법’의\x01 제정을\x01\n추진\x01 중(’25.9.28.\x01 발의)이나,\x01 법안\x01 논의가\x01 아직\x01 초기\x01 단계에\x01 머물고\x01 있어\x01 업계\x01 관계자들은\x01 인프라\x01\n구축이\x01 뒤처질\x01 것으로\x01 우려\n<AI\x01 데이터센터\x01 확충\x01 관련\x01 정부\x01 정책\x01 VS\x01 업계\x01 내용>\n자료:\x01 아주경제(2025.08.27.)\x01 AI\x01 데이터센터\x01 확충\x01 외쳤지만…지방\x01 설립은\x01 ‘인프라’\x01 앞에\x01 멈칫\x01\n◾ 이처럼\x01 국내\x01 데이터센터\x01 정책은\x01 전력\x01 인프라,\x01 환경･안전\x01 규제,\x01 AI\x01 수요\x01 급증\x01 속에서\x01\n균형\x01 있는\x01 분산과\x01 산업\x01 경쟁력\x01 강화를\x01 동시에\x01 이루어낼\x01 수\x01 있느냐가\x01 핵심\n\x01 \x01 -\x01 수도권\x01 집중을\x01 완화하고\x01 전력망\x01 안정성을\x01 확보하는\x01 것뿐만\x01 아니라\x01 AI\x01 인프라의\x01 집적효과와\x01 인력･\n수요\x01 기반의\x01 효율성을\x01 위해\x01 단순\x01 물리적\x01 분산이\x01 아닌\x01 ‘산업\x01 생태계\x01 이전’이\x01 필요\n\x01 \x01 -\x01 지방\x01 데이터센터\x01 개발\x01 시\x01 인력\x01 양성,\x01 통신망\x01 확충,\x01 AI\x01 반도체･서버\x01 제조\x01 등\x01 연관\x01 산업\x01 클러스터를\x01\n조성한다면\x01 실질적인\x01 분산\x01 효과를\x01 얻을\x01 수\x01 있음\n\x01 \x01 -\x01 또한,\x01 전력･환경･산업\x01 정책을\x01 통합\x01 관리하여\x01 산업\x01 전반적인\x01 진흥을\x01 달성할\x01 수\x01 있는\x01 방향으로\x01 ‘AI\x01\n데이터센터\x01 진흥\x01 특별법’\x01 제정을\x01 추진하여\x01 글로벌\x01 경쟁력\x01 강화를\x01 도모해야\x01 함\n◾ 즉,\x01 국내\x01 데이터센터\x01 산업은\x01 단기적으로는\x01 전력망과\x01 인프라\x01 병목을\x01 해소하는\x01 동시에\x01\n제도적\x01 유연성을\x01 보장하여\x01 장기적으로\x01 AI\x01 및\x01 데이터\x01 주권\x01 확보를\x01 달성할\x01 수\x01 있도록\x01\n하는\x01 지속가능한\x01 전략을\x01 수립할\x01 필요\n테\n마\n동\n향\n']","데이터센터는 전력망과 인프라 병목을 해소하고, AI 및 데이터 주권 확보를 달성하는 데 중요한 역할을 합니다. 또한, 지방 데이터센터 개발 시 인력 양성, 통신망 확충, AI 반도체 및 서버 제조 등 연관 산업 클러스터를 조성하여 실질적인 분산 효과를 얻을 수 있습니다.",single_hop_specific_query_synthesizer,7,Insurance Technology Analyst,POOR_GRAMMAR,SHORT
7,보험개발원,New-Tech 트렌드(2025년 11월).pdf,"What innovative features does the home humanoid robot 'NEO' from 1X Technologies have, and how does it relate to the UAM initiatives in Jeju as reported by 서울신문?","['<1-hop>\n\n- 6 -\n1X\x01 Technologies,\x01 최초의\x01 가정용\x01 휴머노이드\x01 ‘NEO’\x01 출시\n◾ 차세대\x01 휴머노이드\x01 기업으로\x01 주목받고\x01 있는\x01 美\x01 로봇\x01 스타트업\x01 ‘1X\x01 Technologies’가\x01\n가정용으로\x01 설계된\x01 최초의\x01 소비자용\x01 휴머노이드\x01 로봇\x01 ‘네오(NEO)’를\x01 공식\x01 출시함\n<‘NEO’가\x01 빨래통을\x01 집고\x01 옷을\x01 개는\x01 모습>\n자료:\x01 서울신문(2025.11.03.)\x01 “이거\x01 미쳤다!”\x01 귀찮은\x01 집안일,\x01 ‘⽉70’\x01 로봇이모에\x01 맡겨\x01 봤더니\n\x01 \x01 -\x01 ‘1X\x01 Technologies’는\x01 지난\x01 10월\x01 31일\x01 ‘NEO’의\x01 사전\x01 주문을\x01 받기\x01 시작했으며\x01 가격은\x01 2만\x01 달러\n(약\x01 2,800만\x01 원)\x01 또는\x01 월\x01 499달러(약\x01 71만\x01 원)로\x01 2026년\x01 배송\x01 예정\n\x01 \x01 -\x01 ‘NEO’는\x01 167cm의\x01 크기에\x01 식기세척기\x01 문을\x01 열고\x01 포크를\x01 꽂거나,\x01 수건으로\x01 조리대를\x01 닦고,\x01 옷을\x01\n개거나\x01 냉장고에서\x01 물병을\x01 꺼내\x01 오는\x01 등\x01 집안일을\x01 수행하며,\x01 특히\x01 인간과의\x01 접촉\x01 중\x01 부상을\x01\n방지하기\x01 위해\x01 두꺼운\x01 섬유\x01 외피를\x01 두른\x01 것이\x01 특징\n◾ ‘NEO’의\x01 시연\x01 영상이\x01 공개되면서\x01 소비자\x01 및\x01 전문가들의\x01 기대감이\x01 폭발하는\x01 동시에\x01 완전\x01\n자율형\x01 로봇의\x01 등장은\x01 아직\x01 시기상조라는\x01 평가도\x01 존재\n\x01 \x01 -\x01 일부\x01 소비자들은\x01 네오를\x01 고령층\x01 돌봄\x01 로봇으로\x01 활용할\x01 수\x01 있을\x01 것으로\x01 기대하며,\x01 특히\x01 미국\x01 농촌\x01\n지역처럼\x01 가사도우미나\x01 간병인을\x01 구하기\x01 어려운\x01 곳에서\x01 실질적인\x01 도움이\x01 될\x01 것으로\x01 보고\x01 있음\n\x01 \x01 -\x01 한\x01 사용자는\x01 “부모님을\x01 위해\x01 월\x01 499달러\x01 정도는\x01 기꺼이\x01 낼\x01 것”이라며\x01 “AI와\x01 로봇이\x01 고령자\x01 돌봄을\x01\n혁신할\x01 잠재력을\x01 과소평가해선\x01 안\x01 된다”라고\x01 말함\n\x01 \x01 -\x01 그러나\x01 월스트리트\x01 저널은\x01 ‘NEO’를\x01 테스트한\x01 결과\x01 아직\x01 완벽하지\x01 않다고\x01 평하며,\x01 식기세척기\x01 문을\x01\n닫는\x01 도중\x01 비틀거리거나\x01 셔츠를\x01 개는\x01 데\x01 2분이\x01 걸린다고\x01 지적\n\x01 \x01 -\x01 그러나\x01 이러한\x01 엇갈린\x01 평가에도\x01 불구하고\x01 다른\x01 로봇보다\x01 현실적인\x01 가격대와\x01 가까운\x01 출시\x01 일정으로\x01\n인간과\x01 로봇이\x01 공존하는\x01 새로운\x01 사회적\x01 계약을\x01 맺는\x01 첫\x01 단계가\x01 될\x01 것으로\x01 전망\n 출처 : AI타임스(2025.11.03.) 1X 테크놀로지스, 최초의 가정용 휴머노이드 로봇 사전 주문...가격은 2800만원\n신\n기\n술\n동\n향\n', '<2-hop>\n\n- 21 -\n버티포트\x01 선제적\x01 조성…\x01 제주,\x01 UAM\x01 상용화\x01 거점도시로\x01 도약\n◾ 제주도가\x01 정부의\x01 2028년\x01 도심항공교통(UAM)\x01 상용화\x01 계획에\x01 맞춰\x01 제주\x01 미래항공\x01 산업\x01\n육성을\x01 본격\x01 추진하는\x01 등\x01 제주도를\x01 대한민국\x01 UAM\x01 거점도시로\x01 만들\x01 계획임을\x01 밝힘(’26.1.21.)\n<제주형\x01 스마트\x01 교통\x01 사업\x01 개요>\n자료:\x01 제주도\x01\n\x01 \x01 -\x01 제주도는\x01 지난해\x01 정부가\x01 지자체에\x01 직접\x01 국비를\x01 지원하는\x01 최초의\x01 UAM\x01 시범사업인\x01 국토교통부\x01 주관\x01\n‘UAM\x01 지역시범사업’\x01 공모에서\x01 예산지원형\x01 사업으로\x01 선정,\x01 10억\x01 원의\x01 시범사업\x01 예산을\x01 확보\n◾ 제주도는\x01 가장\x01 먼저\x01 UAM의\x01 필수\x01 인프라인\x01 버티포트*\x01 조성을\x01 추진하고\x01 안전\x01 운항을\x01\n위한\x01 기술적\x01 토대를\x01 마련하며,\x01 기존\x01 항공\x01 규제에\x01 대한\x01 특례\x01 적용을\x01 추진\n\x01 \x01 \x01 \x01 *\x01 UAM\x01 기체가\x01 수직\x01 이착륙하고\x01 충전･정비･관제까지\x01 수행하는\x01 UAM\x01 상용화의\x01 성패를\x01 가르는\x01 핵심\x01 인프라\n\x01 \x01 -\x01 버티포트\x01 조성과\x01 함께\x01 주변\x01 지형지물과\x01 장애물을\x01 실시간\x01 반영하는\x01 3차원\x01 고정밀\x01 전자지도를\x01\n고도화해\x01 가상\x01 시뮬레이션을\x01 통한\x01 최적\x01 비행경로를\x01 설계하고자\x01 함\n\x01 \x01 -\x01 또한,\x01 기존\x01 항공\x01 규제에\x01 대한\x01 특례\x01 적용을\x01 위해\x01 ‘도심항공교통\x01 활용\x01 촉진\x01 및\x01 지원에\x01 관한\x01 법률’에\x01\n따른\x01 시범운용구역\x01 지정을\x01 추진하고,\x01 연내\x01 기본계획\x01 수립과\x01 관련\x01 위원회\x01 구성도\x01 마무리할\x01 예정\n◾ 그\x01 외\x01 UAM과\x01 함께\x01 드론실증도시\x01 사업과\x01 드론특별자유화구역을\x01 통해\x01 재난안전대응과\x01\n실생활\x01 서비스\x01 모델을\x01 고도화하는\x01 등\x01 드론\x01 산업도\x01 확장할\x01 계획\n 출처: 서울신문(2026.01.21.) 버티포트 선제적 조성… 제주, UAM 상용화 거점도시로 도약\n정\n책\n소\n식\n']","The home humanoid robot 'NEO' from 1X Technologies is designed to assist with household chores, such as opening dishwashers, folding clothes, and cleaning surfaces. It features a thick fabric exterior to prevent injuries during interactions with humans. This robot is priced at $20,000 or $499 per month, with deliveries expected in 2026. In relation to the UAM initiatives in Jeju, which aim to establish the region as a hub for urban air mobility, both projects reflect advancements in technology aimed at improving daily life and addressing practical challenges, such as caregiving in rural areas where assistance is scarce.",multi_hop_specific_query_synthesizer,9,,,
8,보험개발원,New-Tech 트렌드(2025년 11월).pdf,"What measures are being proposed to address the issue of delayed reporting and concealment of hacking incidents, as highlighted by the recent findings from KT?","['<1-hop>\n\n- 26 -\n해킹사고\x01 늑장신고·은폐\x01 시\x01 최대\x01 매출\x01 3%\x01 과징금?…법\x01 개정\x01 추진\n◾ 국회는\x01 해킹이나\x01 침해사고를\x01 숨기거나\x01 신고를\x01 늦춘\x01 사업자에게\x01 매출액의\x01 최대\x01 3%까지\x01\n과징금을\x01 부과하는\x01 내용을\x01 담은\x01 「정보통신망\x01 이용촉진\x01 및\x01 정보보호\x01 등에\x01 관한\x01 일부개정\n법률안」을\x01 발의했다고\x01 밝힘(’25.11.10.)\n\x01 \x01 -\x01 국회\x01 측은\x01 ▲침해사고를\x01 신고하지\x01 않거나\x01 지연한\x01 경우\x01 ▲조사\x01 과정에서\x01 자료를\x01 제출하지\x01 않거나\x01\n거짓으로\x01 제출한\x01 경우\x01 ▲조사를\x01 거부·방해하거나\x01 자료\x01 보전\x01 명령을\x01 위반한\x01 경우\x01 등에\x01 대해\x01\n\x01 \x01 -\x01 대통령령으로\x01 정하는\x01 매출액의\x01 100분의\x01 3\x01 이하에\x01 해당하는\x01 금액을\x01 과징금으로\x01 부과할\x01 수\x01 있도록\x01\n개정안을\x01 발의\n\x01 \x01 -\x01 또\x01 위반행위의\x01 고의성,\x01 기간과\x01 횟수,\x01 피해\x01 규모,\x01 유출·변조된\x01 정보의\x01 범위\x01 등도\x01 종합적으로\x01 고려\n하도록\x01 하고,\x01 과징금이\x01 부과된\x01 행위에\x01 대해서는\x01 과태료를\x01 중복\x01 부과하지\x01 않아\x01 처벌\x01 체계의\x01 일관성을\x01\n확보하도록\x01 함\n◾ 이는\x01 최근\x01 공공기관과\x01 민간기업을\x01 가리지\x01 않고\x01 해킹\x01 사고가\x01 잇따르는\x01 가운데\x01 일부\x01\n사업자가\x01 사고\x01 사실을\x01 축소하거나\x01 은폐하는\x01 사례가\x01 반복되자\x01 현행\x01 과태료\x01 제재로는\x01\n실효성이\x01 부족하다는\x01 지적이\x01 나온\x01 데\x01 따른\x01 것\n\x01 \x01 -\x01 이번\x01 ‘KT\x01 침해사고\x01 민관합동조사단’\x01 중간조사를\x01 통해\x01 KT가\x01 지난해\x01 서버\x01 43대가\x01 악성코드에\x01\n감염된\x01 사실을\x01 인지하고도\x01 정부에\x01 신고하지\x01 않은\x01 채\x01 자체\x01 조치로\x01 은폐한\x01 것으로\x01 확인됨\n\x01 \x01 -\x01 조사단은\x01 KT가\x01 백신을\x01 실행한\x01 기록이\x01 있음에도\x01 관련\x01 로그를\x01 뒤늦게\x01 제출하는\x01 등\x01 정부\x01 조사를\x01 방해\n했다고\x01 보고\x01 ‘위계에\x01 의한\x01 공무집행방해’\x01 혐의로\x01 수사를\x01 의뢰\n◾ 정부도\x01 지난\x01 10월\x01 범부처\x01 정보보호\x01 종합대책을\x01 통해\x01 침해사고\x01 은폐나\x01 신고\x01 지연에\x01 대한\x01\n징벌적\x01 과징금\x01 도입과\x01 조사권한\x01 강화를\x01 추진하고\x01 있음\n\x01 \x01 -\x01 KT\x01 사례처럼\x01 침해사고를\x01 숨기거나\x01 신고를\x01 늦출\x01 경우\x01 피해가\x01 기하급수적으로\x01 확산되기\x01 때문에\x01 국민의\x01\n정보보호를\x01 위해\x01 단순\x01 과태료\x01 수준을\x01 넘어선\x01 실질적\x01 제재가\x01 필요하다는\x01 것이\x01 관련\x01 부처의\x01 의견\n 출처 : 뉴시스(2025.11.10.) 해킹사고 늑장신고·은폐시 최대 매출 3% 과징금?…법 개정 추진\n정\n책\n소\n식\n', '<2-hop>\n\n- 1 -\n1 테마 동향\n피지컬\x01 AI\x01 시대를\x01 여는\x01 차세대\x01 인프라,\x01 ‘6G\x01 이동통신’의\x01 부상\n 출처: 조선일보(2025.12.08.) 6G 시대 눈앞… 완전 자율주행･에어택시 경쟁 본격화\n      뉴시스(2026.01.03.) 서울서 제주병원 환자 수술하고 홀로그램 통화…‘꿈의 통신’ 시대 열린다\n      아이뉴스24(2026.01.06.) CES 2026 핵심 키워드...피지컬 AI 현실로 더 가까이\n<피지컬\x01 AI의\x01 필수\x01 인프라\x01 ‘6G\x01 이동통신’>\n◾ 지난\x01 APEC\x01 2025에서\x01 ‘피지컬\x01 AI*\x01 시대’가\x01 선언된\x01 데\x01 이어\x01 CES\x01 2026에서도\x01 피지컬\x01 AI가\x01\n화두가\x01 되면서,\x01 이를\x01 가능하게\x01 하는\x01 인프라로서\x01 6G\x01 통신\x01 기술이\x01 함께\x01 주목받고\x01 있음\n\x01 \x01 \x01 \x01 *\x01 AI가\x01 실제\x01 물리적\x01 세계에서\x01 보고･듣고･움직이며\x01 직접\x01 행동하는\x01 기술로,\x01 센서로\x01 현실을\x01 인식하고\x01 판단한\x01 후\x01\n로봇･기계･장비를\x01 통해\x01 실제\x01 행동까지\x01 수행\n\x01 \x01 -\x01 삼정KMPG는\x01 「CES\x01 2026\x01 프리뷰」에서\x01 CES\x01 2026의\x01 5대\x01 키워드로\x01 로보틱스,\x01 자율주행,\x01 업무\x01\n자동화를\x01 포함한\x01 ‘피지컬\x01 AI’와\x01 ‘모빌리티’\x01 등을\x01 선정\n<미리\x01 보는\x01 CES\x01 2026\x01 5대\x01 키워드(일부)>\n자료:\x01 삼정KPMG\x01 경제연구원\n\x01 \x01 -\x01 피지컬\x01 AI\x01 기술은\x01 AI가\x01 실제\x01 물리적\x01 공간에서\x01 활동하면서\x01 데이터를\x01 끊임없이\x01 생성하게\x01 되는데\x01 이\x01\n데이터를\x01 실시간으로\x01 주고받으며\x01 처리하는\x01 과정에서\x01 네트워크\x01 트래픽이\x01 급격히\x01 늘어남\n\x01 \x01 -\x01 또한,\x01 물리적\x01 공간에서\x01 작동하는\x01 AI인\x01 만큼\x01 데이터\x01 지연은\x01 곧\x01 오작동\x01 및\x01 안전\x01 문제로\x01 이어질\x01 수\x01\n있어\x01 피지컬\x01 AI의\x01 안전한\x01 구동을\x01 위해서는\x01 초저지연(Ultra-Low\x01 Latency)\x01 통신이\x01 필수적\n◾ 6G\x01 이동통신은\x01 5G의\x01 뒤를\x01 잇는\x01 무선\x01 네트워크\x01 기술로,\x01 5G의\x01 10배\x01 이상의\x01 연결\x01 밀도를\x01\n가져\x01 네트워크\x01 트래픽을\x01 줄이고\x01 5G보다\x01 50배\x01 빠른\x01 통신\x01 속도를\x01 보임\n\x01 \x01 -\x01 6G는\x01 ㎢당\x01 최대\x01 1,000만\x01 개\x01 기기의\x01 동시\x01 접속을\x01 지원해\x01 네트워크\x01 트래픽을\x01 감소시키고\x01 1Tbps\n(초당\x01 테라바이트)*의\x01 속도로\x01 네트워크\x01 지연\x01 시간을\x01 극한으로\x01 줄여\x01 사실상\x01 실시간에\x01 가까운\x01 통신이\x01 가능\n\x01 \x01 \x01 \x01 *\x01 1초에\x01 넷플릭스\x01 4K(Full\x01 HD\x01 대비\x01 4배\x01 높은\x01 해상도로\x01 초고화질을\x01 의미)\x01 영화\x01 5편을\x01 다운로드할\x01 수\x01 있는\x01 속도\n<6G\x01 이동통신\x01 개요>\n자료:\x01 조선일보\n테\n마\n동\n향\n']","The proposed measures to address the issue of delayed reporting and concealment of hacking incidents include a bill that imposes fines of up to 3% of the revenue on businesses that fail to report or delay reporting such incidents. This initiative was prompted by repeated cases where businesses, including KT, were found to have concealed hacking incidents. The bill aims to ensure that penalties are more effective than the current system, which has been criticized for lacking efficacy. Additionally, the government is working on a comprehensive information protection strategy that includes punitive fines for concealment and delays in reporting hacking incidents.",multi_hop_specific_query_synthesizer,29,,,
9,보험개발원,New-Tech 트렌드(2025년 10월).pdf,"신생아 장천공 판독 AI 모델이 어떻게 개발되었고, 과기정통부의 AI 연구동료 개발 지원과 어떤 관련이 있나요?","['<1-hop>\n\n- 7 -\n의사도\x01 놓치기\x01 쉬운\x01 ‘장천공’,\x01 AI로\x01 빨리\x01 찾는다\n◾ 서울아산병원\x01 영상의학과\x01 윤희망,\x01 융합의학과\x01 김남국,\x01 신생아과\x01 이병섭\x01 교수팀은\x01 인공\n지능으로\x01 신생아\x01 엑스레이\x01 영상을\x01 분석해\x01 장천공\x01 여부를\x01 판별하고\x01 병변\x01 위치까지\x01 찾아\n내는\x01 인공지능\x01 판독\x01 모델을\x01 개발했다고\x01 밝힘\n\x01 \x01 -\x01 미숙아에게\x01 주로\x01 발생하는\x01 장천공은\x01 진단이\x01 늦어지면\x01 합병증으로\x01 이어질\x01 수\x01 있지만\x01 신생아\x01 중환자실\x01\n특성상\x01 영상의학과\x01 전문의가\x01 즉시\x01 판독하기\x01 어려운\x01 경우가\x01 많아\x01 진단\x01 지연으로\x01 이어질\x01 위험이\x01 컸음\n\x01 \x01 -\x01 또한\x01 기존의\x01 인공지능\x01 판독\x01 모델은\x01 성인\x01 데이터를\x01 기준으로\x01 개발돼\x01 체구,\x01 엑스레이\x01 촬영\x01 자세,\x01\n판독\x01 소견\x01 등\x01 성인과\x01 차이가\x01 큰\x01 신생아에게\x01 적용하기\x01 어렵다는\x01 한계가\x01 존재하였음\n\x01 \x01 -\x01 개발된\x01 판독\x01 모델은\x01 내부\x01 검증\x01 정확도\x01 94.9%,\x01 외부\x01 검증\x01 정확도\x01 84.1%의\x01 높은\x01 성능을\x01 보였으며,\x01\n특히\x01 신생아\x01 장천공을\x01 조기에\x01 판별한다는\x01 점에서\x01 신생아\x01 생존율\x01 개선에\x01 기여할\x01 것으로\x01 예상됨\n<신생아\x01 장천공\x01 판독\x01 엑스레이\x01 영상\x01 사진>\n◾ 연구팀은\x01 1995년~2018년\x01 서울아산병원\x01 소아\x01 엑스레이\x01 영상\x01 약\x01 260만\x01 건을\x01 수집했고,\x01\n최종적으로\x01 장천공\x01 영상\x01 294건과\x01 대조군\x01 영상\x01 252건을\x01 선별해\x01 학습시켰음\n\x01 \x01 -\x01 연구팀은\x01 환자마다\x01 다르게\x01 나타나는\x01 장천공\x01 영상\x01 패턴을\x01 효과적으로\x01 학습시키기\x01 위해\x01 데이터\x01 증강\x01\n기술*을\x01 적용해,\x01 인공지능\x01 모델이\x01 다양한\x01 장천공\x01 양상과\x01 병변\x01 위치를\x01 동시에\x01 파악할\x01 수\x01 있도록\x01 하였음\n\x01 \x01 \x01 \x01 *\x01 새로운\x01 기계\x01 학습\x01 모델을\x01 훈련할\x01 목적으로,\x01 기존\x01 데이터에서\x01 새로운\x01 데이터를\x01 인위적으로\x01 생성하는\x01 프로세스\n◾ 윤희망\x01 서울아산병원\x01 영상의학과\x01 교수는\x01 “신생아\x01 장천공은\x01 응급도가\x01 높아\x01 신속한\x01 진단이\x01\n무엇보다\x01 중요하지만\x01 영상\x01 소견이\x01 모호하고\x01 성인과는\x01 다른\x01 양상을\x01 보여\x01 판독의\x01 경험에\x01\n따라\x01 진단율이\x01 크게\x01 좌우된다”며\n\x01 \x01 -\x01 “신생아\x01 장천공\x01 인공지능\x01 판독\x01 모델은\x01 전문의\x01 수준의\x01 정확도를\x01 입증했을\x01 뿐만\x01 아니라\x01 의료진\x01 간\x01\n판독\x01 일치도\x01 역시\x01 향상한\x01 것으로\x01 확인됐다”고\x01 설명\n 출처 : 머니투데이(2025.10.01.) 신생아 목숨에 치명적…의사도 놓치기 쉬운 ‘장천공’, AI로 빨리 찾는다\n신\n기\n술\n동\n향\n', '<2-hop>\n\n- 24 -\nAI를\x01 연구동료로?…과기정통부,\x01 ‘AI\x01 연구동료’\x01 개발\x01 지원\n◾ 과학기술정보통신부와\x01 한국연구재단은\x01 ‘인공지능\x01 연구동료\x01 경진대회’를\x01 통해\x01 AI연구동료\x01\n에이전트를\x01 개발할\x01 10개\x01 팀을\x01 선정했다고\x01 발표(’26.1.19.)\n\x01 \x01 -\x01 이번\x01 경진대회는\x01 과학기술\x01 연구에\x01 AI를\x01 효율적으로\x01 활용할\x01 수\x01 있는\x01 방법을\x01 모색하고,\x01 나아가\x01\n연구동료로서\x01 AI의\x01 가능성과\x01 한계를\x01 탐색하는\x01 취지로\x01 기획됨\n\x01 \x01 -\x01 총\x01 272개\x01 팀을\x01 대상으로\x01 2주간\x01 서면심사\x01 및\x01 종합심사에서\x01 AI\x01 에이전트\x01 개발\x01 계획의\x01 파급성,\x01\n독창성,\x01 구체성\x01 및\x01 실현\x01 가능성,\x01 검증\x01 방법의\x01 타당성\x01 등을\x01 평가해\x01 산업･학계･연구･병원\x01 등\x01 다양한\x01\n분야에서\x01 최종\x01 10개\x01 팀*을\x01 선정\n\x01 \x01 \x01 \x01 *\x01 바이오\x01 부문\x01 3개(바이오･제약\x01 연구\x01 워크\x01 플로우\x01 통합\x01 AI\x01 코사이언티스트\x01 등),\x01 소재\x01 부문\x01 2개(물리학\x01 기반\x01\n범용\x01 소재\x01 설계\x01 에이전트\x01 등),\x01 피지컬\x01 AI\x01 부문\x01 2개(피지컬\x01 AI\x01 학습을\x01 위한\x01 실환경\x01 디지털\x01 트윈\x01 기반\x01 데이터\x01\n자동\x01 생성･검증\x01 에이전트\x01 등),\x01 연구지원\x01 부문\x01 3개(연구\x01 독창성을\x01 위한\x01 갭\x01 분석\x01 및\x01 AI\x01 에이전트\x01 등)\n◾ 선정된\x01 팀들은\x01 그래픽처리장치(GPU)\x01 등\x01 개발\x01 도구\x01 비용\x01 지원\x01 하에\x01 소재,\x01 바이오,\x01 로봇,\x01\nAI\x01 학습,\x01 연구\x01 지원\x01 등\x01 과학기술분야에서\x01 활용할\x01 수\x01 있는\x01 AI\x01 에이전트를\x01 개발할\x01 예정\n\x01 \x01 -\x01 최종결과\x01 발표는\x01 4월\x01 중\x01 이루어지고\x01 개발된\x01 AI\x01 에이전트는\x01 시연\x01 등의\x01 형태로\x01 공개될\x01 예정\n\x01 \x01 -\x01 최대\x01 1년간\x01 AI\x01 에이전트\x01 추가\x01 개발\x01 및\x01 학습을\x01 위해\x01 슈퍼컴\x01 5･6호기\x01 등을\x01 통한\x01 GPU가\x01 지원되고\x01\n실증\x01 및\x01 활용\x01 확산을\x01 위해\x01 국가과학기술연구회\x01 산하\x01 출연연에\x01 시범\x01 도입을\x01 추진할\x01 계획\n\x01 \x01 -\x01 대상\x01 수상팀에는\x01 최대\x01 5년간\x01 25억\x01 원의\x01 과기정통부\x01 기술사업화\x01 국가연구개발사업이\x01 연계\x01 지원될\x01 예정\n◾ 김성수\x01 과기정통부\x01 연구개발정책실장은\x01 “우수한\x01 사전제안서들이\x01 다수\x01 접수되는\x01 등\x01 과학\n기술\x01 연구현장에서\x01 AI의\x01 가능성에\x01 대한\x01 기대와\x01 관심이\x01 뜨겁다”며,\n\x01 \x01 -\x01 “AI\x01 기반의\x01 연구\x01 패러다임\x01 변화에\x01 맞추어\x01 경진대회뿐만\x01 아니라\x01 R&D\x01 지원사업\x01 등을\x01 바탕으로\x01 AI를\x01\n통한\x01 과학기술\x01 혁신을\x01 지속\x01 지원하겠다”고\x01 밝힘\n 출처: 뉴스1(2026.01.19.) AI를 연구동료로?…과기정통부, ‘AI 연구동료’ 개발 지원\n      머니투데이(2026.01.19.) “이 논문 AI로 쓴 건지 확인해줘” 과기부, AI 연구동료 10개팀 뽑았다\n정\n책\n소\n식\n']","신생아 장천공 판독 AI 모델은 서울아산병원 영상의학과 교수팀에 의해 개발되었으며, 인공지능을 활용하여 신생아 엑스레이 영상을 분석하고 장천공 여부를 판별하는 기능을 가지고 있습니다. 이 모델은 1995년부터 2018년까지의 소아 엑스레이 영상 약 260만 건을 수집하여 학습하였고, 내부 검증 정확도는 94.9%, 외부 검증 정확도는 84.1%로 높은 성능을 보였습니다. 또한, 신생아 장천공의 조기 판별을 통해 생존율 개선에 기여할 것으로 예상됩니다. 한편, 과기정통부는 AI 연구동료 개발을 지원하는 경진대회를 통해 AI를 과학기술 연구에 효율적으로 활용할 수 있는 방법을 모색하고 있으며, 이는 AI 기술의 발전과 의료 분야에서의 응용 가능성을 높이는 데 기여하고 있습니다.",multi_hop_specific_query_synthesizer,10,,,
10,보험개발원,New-Tech 트렌드(2026년 01월).pdf,"DB손해보험과 한국예탁결제원은 금융권에서 각각 어떤 혁신적인 AI 서비스를 도입했으며, 이들 서비스의 목적은 무엇인가?","['<1-hop>\n\n- 15 -\nDB손보,\x01 금융권\x01 최초\x01 ‘다국어\x01 통역\x01 AI\x01 AGENT’\x01 서비스\x01 오픈\n◾ DB손해보험은\x01 금융권\x01 최초\x01 외국인\x01 전용\x01 ‘다국어\x01 통역\x01 AI\x01 AGENT’\x01 완전판매\x01 모니터링\x01\n서비스를\x01 지난\x01 정식\x01 오픈하고\x01 본격적인\x01 운영에\x01 들어갔다고\x01 밝힘\n<‘다국어\x01 통역\x01 AI\x01 Agent’\x01 오픈식>\n자료:\x01 DB손해보험\n\x01 \x01 -\x01 글로벌\x01 AI\x01 전문\x01 기업\x01 ‘유베이스’와\x01 협력해\x01 개발된\x01 ‘다국어\x01 통역\x01 AI\x01 에이전트’는\x01 AI\x01 기술을\x01 활용해\x01\n외국인\x01 고객\x01 대상\x01 완전판매\x01 모니터링(해피콜)\x01 상담\x01 전\x01 과정을\x01 실시간\x01 다국어로\x01 지원하는\x01 서비스\n\x01 \x01 -\x01 해당\x01 서비스는\x01 보험\x01 가입\x01 의사\x01 확인,\x01 계약\x01 주요\x01 내용\x01 설명,\x01 소비자\x01 이해도\x01 점검\x01 등\x01 완전판매\x01\n절차\x01 전반을\x01 외국어로\x01 정확하게\x01 전달함으로써,\x01 언어\x01 차이로\x01 인한\x01 정보\x01 오인이나\x01 불완전판매\x01\n발생\x01 가능성을\x01 최소화하는\x01 데\x01 목적이\x01 있음\n\x01 \x01 -\x01 또한,\x01 금융소비자\x01 보호\x01 강화\x01 및\x01 금융\x01 취약계층에\x01 대한\x01 실질적인\x01 보호\x01 방안\x01 마련에도\x01 효과적일\x01\n것으로\x01 전망\n◾ 해당\x01 서비스는\x01 별도의\x01 외부\x01 통역\x01 업체를\x01 연결하지\x01 않아도\x01 되는\x01 AI\x01 기반\x01 구조로\x01 설계돼\x01\n상담\x01 대기\x01 시간을\x01 줄이고\x01 상담\x01 흐름의\x01 연속성을\x01 높인\x01 것이\x01 특징\n\x01 \x01 -\x01 이를\x01 통해\x01 상담사는\x01 보다\x01 안정적인\x01 환경에서\x01 완전판매\x01 여부를\x01 점검할\x01 수\x01 있으며,\x01 고객\x01 또한\x01 중단\x01\n없는\x01 상담을\x01 통해\x01 계약\x01 내용에\x01 대한\x01 이해도를\x01 충분히\x01 높일\x01 수\x01 있음\n\x01 \x01 -\x01 추가적으로\x01 통역\x01 품질의\x01 편차를\x01 줄여\x01 일관된\x01 소비자\x01 보호\x01 기준을\x01 유지할\x01 수\x01 있다는\x01 점도\x01 특징\n◾ DB손해보험은\x01 실제\x01 상담\x01 결과와\x01 고객\x01 반응을\x01 분석해\x01 적용\x01 언어를\x01 단계적으로\x01 확대함\n으로써\x01 외국인\x01 금융소비자의\x01 접근성과\x01 편의성을\x01 지속적으로\x01 개선해\x01 나갈\x01 계획\n\x01 \x01 -\x01 DB손해보험\x01 측은\x01 “앞으로도\x01 외국인을\x01 포함한\x01 금융\x01 취약계층이\x01 안심하고\x01 보험\x01 서비스를\x01 이용할\x01\n수\x01 있는\x01 기술적\x01 환경을\x01 지속적으로\x01 확대해\x01 나갈\x01 것”이라고\x01 밝힘\n 출처: 한국보험신문(2026.01.16.) DB손보, 금융권 최초 ‘다국어 통역 AI AGENT’ 서비스 오픈\n보\n험\n산\n업\n동\n향\n', '<2-hop>\n\n- 24 -\n한국예탁결제원,\x01 금융권\x01 최초\x01 ‘내부망\x01 생성형\x01 AI\x01 포털’\x01 전면\x01 가동\n◾ 한국예탁결제원(이하\x01 ‘예탁원’)은\x01 금융\x01 유관기관\x01 최초로\x01 내부망\x01 기반의\x01 생성형\x01 AI\x01 서비스를\x01\n도입하며\x01 디지털･AI\x01 혁신을\x01 가속화\n\x01 \x01 -\x01 예탁원은\x01 금융\x01 유관기관\x01 최초로\x01 생성형\x01 AI\x01 부문\x01 혁신금융서비스\x01 지정(’25.12.6.)\x01 후\x01 시스템\x01 구축을\x01\n완료하고,\x01 내부망\x01 생성형\x01 AI\x01 포털\x01 ‘AIWorks(아이웍스)’를\x01 전면\x01 오픈(’25.12.8.)\n\x01 \x01 -\x01 한국은행도\x01 6월\x01 전용\x01 생성형\x01 AI\x01 플랫폼을\x01 자체\x01 구축하는\x01 계획을\x01 발표했는데\x01 아직\x01 구축\x01 진행\x01 중\n으로,\x01 내부망\x01 생성형\x01 AI를\x01 실제로\x01 구축･가동까지\x01 완료한\x01 것은\x01 금융\x01 유관기관\x01 중\x01 예탁원이\x01 최초\n◾ 해당\x01 서비스를\x01 통해\x01 임직원은\x01 문서\x01 작성･번역･요약\x01 등\x01 일반\x01 업무는\x01 물론\x01 ‘AI\x01 법무비서’,\x01\n‘코딩\x01 어시스턴트’\x01 등\x01 전문\x01 영역별\x01 시범서비스도\x01 함께\x01 이용\x01 가능\n\x01 \x01 -\x01 ‘AIWorks’는\x01 규정･업무\x01 매뉴얼･KSD\x01 내부\x01 문서\x01 등\x01 예탁원\x01 정보를\x01 RAG(검색증강생성)\x01 방식으로\x01\n처리해\x01 직원\x01 질의에\x01 즉각\x01 답변하는\x01 구조로,\x01 정형･비정형\x01 자료를\x01 실시간으로\x01 검색･참조할\x01 수\x01 있어\x01\n규정\x01 조회,\x01 보고서\x01 초안\x01 작성,\x01 번역･메일\x01 작성\x01 등\x01 반복\x01 업무의\x01 효율성을\x01 크게\x01 높일\x01 수\x01 있음\n◾ 예탁원은\x01 이번\x01 서비스\x01 개시에\x01 그치지\x01 않고\x01 2028년까지\x01 3단계\x01 AI\x01 로드맵을\x01 추진할\x01 계획\n\x01 \x01 -\x01 2026년까지는\x01 서비스\x01 개시\x01 및\x01 성과\x01 검증을\x01 하고\x01 2027년에는\x01 AI\x01 인프라\x01 고도화와\x01 서비스\x01 확장을\x01\n진행하며,\x01 2028년부터는\x01 예탁원\x01 생태계\x01 전반에\x01 AI\x01 서비스를\x01 통합\x01 적용하는\x01 구조를\x01 구축할\x01 계획\n\x01 \x01 -\x01 예탁원\x01 관계자는\x01 “내부\x01 직원의\x01 업무\x01 생산성과\x01 경쟁력을\x01 높이는\x01 것은\x01 물론,\x01 고객기관에도\x01 보다\x01\n간접적이고\x01 혁신적인\x01 편익을\x01 제공하는\x01 기반이\x01 될\x01 것”이라며\x01 “AI\x01 기술을\x01 금융\x01 인프라\x01 업무에\x01\n결합해\x01 선도적\x01 역할을\x01 강화하겠다”고\x01 밝힘\n 출처 : 이투데이(2025.12.08.) 제목한국예탁결제원, 금융권 최초 ‘내부망 생성형 AI 포털’ 전면 가동\n정\n책\n소\n식\n']","DB손해보험은 금융권 최초로 '다국어 통역 AI AGENT' 서비스를 도입하여 외국인 고객을 위한 완전판매 모니터링을 실시간으로 다국어로 지원하는 서비스를 제공하고 있습니다. 이 서비스는 언어 차이로 인한 정보 오인이나 불완전판매 발생 가능성을 최소화하는 데 목적이 있습니다. 반면, 한국예탁결제원은 '내부망 생성형 AI 포털'을 도입하여 임직원들이 문서 작성, 번역, 요약 등의 일반 업무를 효율적으로 수행할 수 있도록 지원하고 있습니다. 이 서비스는 직원의 업무 생산성과 경쟁력을 높이는 것을 목표로 하고 있습니다.",multi_hop_specific_query_synthesizer,18,,,
11,보험개발원,New-Tech 트렌드(2025년 11월).pdf,How are global companies like Amazon responding to the challenges of robot automation and the resulting changes in insurance needs?,"['<1-hop>\n\n- 3 -\n<아마존\x01 물류창고에서\x01 사용\x01 중인\x01 2족\x01 보행\x01 로봇\x01 ‘Digit’과\x01 운반\x01 로봇\x01 ‘Kiva’>\n\x01 \x01 -\x01 업계는\x01 글로벌\x01 주요\x01 기업들의\x01 로봇\x01 자동화를\x01 통한\x01 비용\x01 절감\x01 계획이\x01 성공한다면\x01 다른\x01 기업에도\x01\n확산되는\x01 등\x01 美\x01 경제가\x01 ‘AI발\x01 구조조정’이라는\x01 새로운\x01 변곡점을\x01 맞이할\x01 것이라\x01 말함\n◾ 이처럼\x01 로봇\x01 기술이\x01 단순\x01 자동화를\x01 넘어\x01 제조\x01 전반의\x01 혁신을\x01 주도하고\x01 있는\x01 가운데,\x01\n산업\x01 구조의\x01 혁신과\x01 함께\x01 관련\x01 리스크도\x01 변화하면서\x01 이에\x01 대한\x01 대비가\x01 필요\n<산업\x01 구조의\x01 변화에\x01 따른\x01 보험\x01 산업의\x01 대응>\n◾ 로봇\x01 자동화로\x01 인적\x01 위험이\x01 줄어\x01 산재\x01 및\x01 실업보험과\x01 같은\x01 고용\x01 기반\x01 보험\x01 수요는\x01\n감소하지만\x01 사이버\x01 리스크\x01 증가로\x01 로봇\x01 및\x01 자동화\x01 장비\x01 보험수요가\x01 증가할\x01 수\x01 있음\n\x01 \x01 -\x01 자동화로\x01 인한\x01 대규모\x01 해고\x01 및\x01 전환배치는\x01 노동시장\x01 축소와\x01 직업\x01 재편으로\x01 이어져\x01 인적\x01 오류･산업\x01\n재해\x01 등과\x01 같은\x01 위험이\x01 줄어들고\x01 근로자\x01 리스크\x01 및\x01 관련\x01 보험\x01 수요를\x01 감소시킴\n\x01 \x01 -\x01 그러나,\x01 보험금\x01 청구\x01 빈도가\x01 낮은\x01 대신\x01 소프트웨어\x01 결함･사이버\x01 공격･시스템\x01 다운\x01 등과\x01 같이\x01 시스템\x01\n고장\x01 시\x01 통합\x01 시스템에\x01 영향을\x01 미치는\x01 사이버\x01 리스크가\x01 증가해\x01 보험금\x01 청구액은\x01 더\x01 큰\x01 것으로\x01 나타남\n\x01 \x01 -\x01 Swiss\x01 Re의\x01 연구에\x01 따르면\x01 산업재해\x01 청구액\x01 중\x01 비자동화\x01 공장은\x01 15%를\x01 차지하는\x01 반면\x01 자동화\x01\n시스템의\x01 고장으로\x01 인한\x01 청구액은\x01 28%를\x01 차지\n\x01 \x01 -\x01 실제로\x01 기업\x01 대상\x01 재산보험\x01 제공을\x01 전문으로\x01 하는\x01 FM\x01 글로벌\x01 보험사가\x01 분석한\x01 사례에서\x01 한\x01 식품\x01\n공장의\x01 완전\x01 자동화\x01 포장\x01 공정이\x01 시스템\x01 오류로\x01 가동이\x01 중단되자\x01 라인\x01 재가동까지\x01 9일이\x01 소요되며\x01\n200만\x01 유로가\x01 넘는\x01 영업\x01 중단\x01 손실이\x01 발생\n◾ 또한,\x01 지능형\x01 로봇에\x01 의한\x01 사고의\x01 경우\x01 책임\x01 귀속이\x01 한층\x01 복잡해\x01 직접적인\x01 과실\x01 당사자를\x01\n특정하기\x01 어려워,\x01 전통적인\x01 보험\x01 체계를\x01 통한\x01 위험\x01 보장에\x01 한계가\x01 있음\n\x01 \x01 -\x01 전통적인\x01 보험에서는\x01 로봇으로\x01 인한\x01 사고를\x01 제조물책임(제품\x01 결함으로\x01 인한\x01 제조사의\x01 책임)이나\x01\n과실책임(운영자\x01 관리\x01 소홀\x01 등)을\x01 적용해\x01 왔는데,\n테\n마\n동\n향\n', '<2-hop>\n\n목   차\n\x01 테마동향·······················································································1\x01\n피지컬\x01 AI가\x01 이끄는\x01 산업\x01 대전환,\x01 보험산업의\x01 대응\x01 방안···································\x01 1\nAPEC\x01 2025에서\x01 엔비디아의\x01 젠슨\x01 황\x01 CEO가\x01 피지컬\x01 AI\x01 시대를\x01 선언하면서\x01 피지컬\x01 AI\x01 및\x01 로봇\x01 자동화\x01\n공장이\x01 주목받고\x01 있음.\x01 아마존,\x01 타겟\x01 등\x01 글로벌\x01 기업들이\x01 로봇\x01 도입으로\x01 대규모\x01 감원을\x01 진행\x01 중으로\x01\n이로\x01 인해\x01 산재보험\x01 수요는\x01 감소하나\x01 사이버\x01 리스크는\x01 증가할\x01 것으로\x01 전망.\x01 사이버\x01 사고는\x01 손실액이\x01\n크고\x01 책임\x01 소재\x01 규명이\x01 어려워\x01 전통\x01 보험으로는\x01 한계가\x01 있음.\x01 보험사는\x01 신종\x01 리스크\x01 반영\x01 상품\x01 개발,\x01\n재산보험과\x01 사이버보험\x01 통합,\x01 데이터\x01 기반\x01 예방\x01 서비스\x01 강화로\x01 새로운\x01 성장\x01 기회를\x01 모색할\x01 필요\n\x01 \x01 \x01 \x01 \x01 \x01 \x01 \x01 \x01 \x01 \x01 \x01 \x01 \x01 \x01 \x01 \x01 \x01 \x01 \x01 \x01 \x01 \x01 \x01 \x01 \x01 \x01 \x01 \x01 \x01 \x01 \x01 \x01 \x01 상기\x01 이미지는\x01 챗GPT를\x01 활용하여\x01 생성\n']","Global companies like Amazon are responding to the challenges of robot automation by implementing significant workforce reductions, which leads to a decrease in demand for traditional employment-based insurance such as workers' compensation. However, this shift also results in an increase in cyber risks, as the reliance on automated systems grows. The insurance industry is facing limitations in addressing these new risks with traditional policies, prompting a need for the development of new insurance products that reflect these emerging challenges.",multi_hop_specific_query_synthesizer,6,,,
12,한국신용정보원,[이슈리포트 2023-2호] 자동차보험 대인사고 현황 분석.pdf,2020년 자동차사고는 어땠나요?,"['자동차보험 대인사고 현황 분석(2018~2023년)\n  CIS이슈리포트 2023-2호 | 1 |\n<요  약>\n▶최근 5년간(18.3월~23.2월) 자동차보험 대인사고(이하 ‘자동차 사고’) 건수는 총 396만 건으로 월평균 \n6.6만 건 발생\n￮\n2022년 월평균 자동차 사고건수는 증가 추세를 보여 2018년 대비 27% 증가하였음\n￮\n최근 5년간 유일하게 자동차 사고가 줄어든 해는 2020년으로 코로나19로 사회적 거리두기 정책\n(2020.2.29.시행)이 시행된 시기임\n￮\n자동차 사고는 2~3월에 적고 10~12월에 많이 발생하는 경향을 보이나, 강화된 사회적 거리두기 정책\n(사람간 2m 거리두기 및 실외 마스크 착용)이 적용된 2021년에는 5~6월 사고건수가 적은 모습을 보임\n▶자동차 사고 피해자 평균연령은 45.3세로 30~50대 비중이 높음\n￮\n피해자는 40대가 가장 많고, 30대, 50대, 60대, 20대 순으로 많은 모습을 보임\n￮\n연령대별로는 20~60대는 월별 사고 건수가 비슷하여 계절적 영향이 없어 보이나, 10대 이하와 70대 \n이상은 상대적으로 월별로 사고 발생 빈도에 차이가 나타남\n▶자동차 사고 피해자는 대부분이 5년간 1건 또는 3년간 1건의 사고만 경험한 단건 피해자이며, 2건 이상 \n다건 피해자의 비중은 낮음\n￮\n다건 피해자 중에는 매년 6건 이상 자동차 사고가 발생한 피해자(5년간 30건 이상)가 144명이며, \n매년 10건 이상 자동차 사고가 발생한 피해자(3년간 30건 이상)가 46명으로 나타남\n￮\n자동차 사고 단건 피해자는 40~50대 중장년층이 많고, 4건 이상 다건 피해자는 20~30대 청년층이 많음\n▶상해급수별로 보았을 때, 경상피해인 12급(대표상병: 척추염좌)과 14급(대표상병: 단순타박상) 피해자 수 \n비중은 94.1%로 자동차 사고 피해자 대부분을 차지\n￮\n상해급수별 합의금 지급 총액을 살펴보았을 때, 경상피해자(11,12,14급) 합의금 지급 총액은 증가하나, \n중상을 포함한 나머지 상해급수에서는 합의금 지급액이 감소\n자동차보험 대인사고 현황 분석(2018~2023년)\n김소영 선임조사역, 신정환 조사역(ksy@kcredit.or.kr, whan806@kcredit.or.kr)\n']","2020년은 최근 5년간 유일하게 자동차 사고가 줄어든 해로, 이는 코로나19로 사회적 거리두기 정책이 시행된 시기와 관련이 있습니다.",single_hop_specific_query_synthesizer,1,Insurance Market Analyst,MISSPELLED,MEDIUM
13,한국신용정보원,[이슈리포트 2023-2호] 자동차보험 대인사고 현황 분석.pdf,대인배상Ⅱ에 대한 자동차보험의 보상처리 현황은 어떻게 되나요?,"['| 2 | CIS이슈리포트 2023-2호 \n1. 자동차보험 대인사고 현황\n▶최근 5년간 자동차보험 대인사고(이하 ‘자동차 사고’) 건수는 396만 건으로, 월평균 6.6만 건 발생\n￮\n보고서에 기재된 ‘자동차 사고’는 자동차 종합보험 피보험자가 자동차 대인사고 후 대인배상Ⅱ담보로 \n보상처리를 받은 사고를 의미하고, ‘피해자’는 피보험자 이외의 자로서 자동차 사고로 피해를 입은 \n제3자를 의미함\n- 보고서에서는 한국신용정보원에 집중된 보험신용정보 중 1) 2018년 3월 ~ 2023년 2월(5년)동안 \n자동차 사고가 발생하고, 2) 2023년 5월말까지 대인배상Ⅱ로 보험금 지급심사가 완료된 자동차 \n보험사고 및 보험금 지급정보를 분석\n- 자동차 종합보험은 대부분의 차량소유자가 가입하는 자동차 보험으로 대인배상Ⅰ, 대인배상Ⅱ, \n자기신체사고, 무보험차상해, 대물배상 등의 담보로 구성\n￮\n자동차 사고 증가 추세임에도 불구하고 2020년 중에는 자동차 사고건수가 전년대비 2% 감소하는 등 \n코로나19의 여파가 자동차 사고에도 영향을 미친 것으로 추정\n- 2022년 월평균 자동차 사고건수(7.3만 건)는 증가 추세를 보여 2018년(5.7만 건) 대비 27% \n증가하였음\n- 최근 5년간 유일하게 자동차 사고건수가 감소한 해는 2020년으로 코로나19로 사회적 거리두기\n(’20.2.29.시행)가 시행되었던 시기임\n연도\n자동차 사고\n소계 (만 건)\n월평균 자동차\n사고(만 건)\n증가율\n18Y*\n57 \n5.7 \n19Y\n80 \n6.6 \n15%\n20Y\n78 \n6.5 \n-2%\n21Y\n82 \n6.8 \n5%\n22Y\n87 \n7.3 \n7%\n23Y*\n12 \n6.0 \n-\n합계\n396 \n6.6 \n[연도별 자동차 사고건수]\n   \n        [월평균 자동차 사고건수]  (단위: 만 건)\n* 2018년은 10개월(3~12월), 2023년은 2개월(1~2월) 자동차 사고건수를 합산하여 월평균 자동차 사고건수 산출, 2023년은 제외\n▶최근 5년간 자동차 사고는 2~3월에 적고, 10~12월에 많이 발생하는 경향을 보임\n￮\n5년간 3월 평균 자동차 사고건수는 5.8만 건인데 비해, 10월은 7.4만 건으로 1.7만 건 차이 존재\n￮\n자동차 사고는 2~3월에 적고 10~12월에 많은 경향을 보이나, 강화된 사회적 거리두기 정책(사람간 \n2m 거리두기 및 실외 마스크 착용 정책, 21.4.12.시행)이 적용된 2021년 5~6월에 자동차 사고가 \n상대적으로 줄어든 모습을 보임\n']","대인배상Ⅱ는 자동차 종합보험의 담보 중 하나로, 자동차 사고 후 피보험자가 대인배상Ⅱ 담보로 보상처리를 받은 사고를 의미합니다. 최근 5년간 자동차 사고 건수는 396만 건으로, 이 중 대인배상Ⅱ로 보험금 지급심사가 완료된 자동차 보험사고 및 보험금 지급정보가 분석되었습니다.",single_hop_specific_query_synthesizer,2,Insurance Market Analyst,MISSPELLED,LONG
14,한국신용정보원,[이슈리포트 2023-2호] 자동차보험 대인사고 현황 분석.pdf,10대 자동차 사고는 얼마나 발생하나요?,"['자동차보험 대인사고 현황 분석(2018~2023년)\n  CIS이슈리포트 2023-2호 | 3 |\n                             [월평균 자동차 사고건수]                     (단위:만 건)\n2.  피해자 특징\n▶최근 5년간 자동차 사고를 경험한 피해자의 평균 연령은 45.3세로 나타남\n￮\n보고서에서 ‘피해자’는 자동차보험 대인사고에서 피해를 입은 사람(제3자)을 의미\n￮\n40대가 가장 많고(20.9%), 30대(19.9%), 50대(19.7%), 60대(15.4%), 20대(11.2%) 순으로 많음\n[피해자 연령대 분포]\n  \n연령대\n비중\n10세미만\n2.6%\n10대\n3.5%\n20대\n11.2%\n30대\n19.9%\n40대\n20.9%\n50대\n19.7%\n60대\n15.4%\n70대\n5.2%\n80대\n1.4%\n90대\n0.1%\n평균 연령\n45.3세\n▶계절별 연령대별 자동차 사고는 10대 이하, 20~60대, 70대 이상으로 구분할 수 있으며, 20~60대에 \n비해 10대 이하와 70대 이상은 상대적으로 월별 자동차 사고 발생 빈도 차이 존재\n￮\n20~60대는 자동차 사고가 가장 많이 발생한 월과 적게 발생한 월의 비중 차이가 크지 않아(3%p\n미만) 계절적 영향 없이 월별로 자동차 사고가 비슷하게 발생\n￮\n10대 이하와 70대 이상은 자동차 사고가 가장 많이 발생한 월과 적게 발생한 월의 비중 차이가 \n20~60대에 비해 존재하여(3%p이상) 상대적으로 월별 자동차 사고 발생 비중이 상이함\n']",10대의 자동차 사고는 최근 5년간 자동차 사고를 경험한 피해자 중 3.5%를 차지하고 있습니다.,single_hop_specific_query_synthesizer,3,Pet Insurance Underwriter,MISSPELLED,SHORT
15,한국신용정보원,[이슈리포트 2023-2호] 자동차보험 대인사고 현황 분석.pdf,What trends can be observed regarding automobile accident occurrences among individuals in their 60s throughout the year?,"['| 4 | CIS이슈리포트 2023-2호 \n▶연령대별로는 20~60대는 월별 자동차 사고 건수가 비슷하여 계절적 영향이 없어 보이나, 10대 \n이하와 70대 이상은 상대적으로 월별로 자동차 사고 발생 빈도에 차이가 나타남\n￮\n(3~5월) 신학기가 시작되는 3월에는 10대 이하 피해자가 적고, 5월은 10대 이하 및 70대 이상 \n피해자가 상대적으로 많음\n- (3월) 10대미만 피해자 중 5.8%, 10대 피해자 중 6.2%가 3월 중 자동차 사고 발생\n- (5월) 10대미만 피해자 중 8.5%, 10대 피해자 중 9.0%, 70대 피해자중 8.6%, 80대 피해자 중 \n8.9%가 5월 중 자동차 사고 발생\n￮\n(6~8월) 여름방학이 있는 8월에는 10대 이하 피해자가 많음\n- (8월) 10대미만 피해자 중 9.7%, 10대 피해자 중 10.1%가 8월 중 자동차 사고 발생\n￮\n(9~11월) 나들이 철인 10월은 대부분의 연령대에서 피해자가 많지만 그중 10대 이하와 70대 이상이 많음\n- (10월) 10대미만 피해자 중 10.3%, 10대 피해자 중 9.7%, 70대 피해자중 10.1%, 80대 피해자 중 \n10.4%가 10월 중 자동차 사고 발생\n￮\n(12~2월) 2월은 모든 연령대에서 피해자가 적은 경향을 보임\n월\n10대미만\n10대\n20대\n30대\n40대\n50대\n60대\n70대\n80대\n1월\n8.3%\n8.1%\n8.7%\n8.5%\n8.5%\n8.4%\n8.1%\n7.7%\n7.3%\n2월\n7.1%\n6.9%\n7.8%\n7.3%\n7.3%\n7.3%\n7.1%\n6.8%\n6.1%\n3월\n5.8%\n6.2%\n6.9%\n7.1%\n7.1%\n7.2%\n7.3%\n7.2%\n7.4%\n4월\n7.1%\n7.2%\n7.5%\n7.8%\n7.8%\n7.8%\n8.0%\n8.2%\n8.4%\n5월\n8.5%\n9.0%\n7.8%\n8.0%\n8.1%\n8.1%\n8.2%\n8.6%\n8.9%\n6월\n7.6%\n8.0%\n7.3%\n7.6%\n7.7%\n7.6%\n7.7%\n7.8%\n8.1%\n7월\n8.5%\n8.7%\n8.4%\n8.3%\n8.2%\n8.2%\n8.1%\n8.1%\n8.2%\n8월\n9.7%\n10.1%\n9.1%\n8.7%\n8.6%\n8.6%\n8.6%\n8.5%\n8.4%\n9월\n9.4%\n9.4%\n8.8%\n8.8%\n8.8%\n8.8%\n8.9%\n9.0%\n9.6%\n10월\n10.3%\n9.7%\n9.2%\n9.3%\n9.4%\n9.5%\n9.8%\n10.1%\n10.4%\n11월\n8.9%\n8.8%\n9.2%\n9.2%\n9.3%\n9.4%\n9.4%\n9.6%\n9.5%\n12월\n8.7%\n7.9%\n9.4%\n9.3%\n9.3%\n9.2%\n8.9%\n8.5%\n7.8%\n소계\n100%\n100%\n100%\n100%\n100%\n100%\n100%\n100%\n100%\n차이*\n4.5%p\n3.9%p\n2.5%p\n2.2%p\n2.3%p\n2.4%p\n2.7%p\n3.3%p\n4.3%p\n[피해자 연령대별·월별 자동차사고 발생 비중 분포]\n     ※ 진한 회색일수록 해당 연령대에서 사고발생이 많은 월, 흰색일수록 사고발생이 적은 월    \n     * 차이는 연령대별 ‘자동차 사고가 가장 많이 발생한 월의 피해자 비중’에서 ‘자동차 사고가 가장 적게 발생하는 월의 피해자 비중’을 차감한 값\n￮\n월별 자동차 사고 발생 빈도가 크게 차이나는 연령대는 10대미만으로, ‘가장 자동차 사고가 많이 \n발생한 월의 피해자 비중’(10월, 10.3%)과 ‘가장 사고가 적게 발생한 월의 피해자 비중’(3월, 5.8%) \n차이가 4.5%p로 나타남\n']","Individuals in their 60s show a relatively consistent pattern of automobile accident occurrences throughout the year, with notable peaks in certain months. For instance, in October, 10.1% of accident victims were in their 70s, indicating a higher frequency of accidents during this month. Conversely, February tends to show a lower occurrence of accidents across all age groups, including those in their 60s, suggesting that this month generally has fewer incidents.",single_hop_specific_query_synthesizer,4,Insurance Product Manager,PERFECT_GRAMMAR,LONG
16,한국신용정보원,[이슈리포트 2023-2호] 자동차보험 대인사고 현황 분석.pdf,자동차 사고 피해자 중 다건 피해자 특징은 뭐에요?,"['자동차보험 대인사고 현황 분석(2018~2023년)\n  CIS이슈리포트 2023-2호 | 5 |\n3. 자동차 사고 다건 피해자의 특징\n▶5년간 자동차 사고 피해자 중 86.4%, 3년간 자동차 사고 피해자 중 89.9%는 1건의 사고만 \n경험하는 등 자동차 사고는 단건 피해자가 대다수임\n￮\n5년간(’18.3월~’23.2월) 자동차 사고 2건 이상인 피해자 비중은 13.6%로, 2건인 피해자 비중은 10.7%, \n3건은 1.9%, 4건 이상은 1.0%으로 자동차 사고 다건 피해자 비중은 적은 것으로 나타남\n- 3년간(’20.3월~’23.2월) 자동차 사고 2건 이상인 피해자 비중은 10.1%로, 2건인 피해자 비중은 8.2%, \n3건은 1.2%, 4건 이상은 0.7%으로 마찬가지로 자동차 사고 다건 피해자 비중은 적음\n￮\n5년간 30건 이상 자동차 사고가 있었던 피해자는 144명, 25건 이상 사고 피해자는 256명이며, \n20건 이상 사고 피해자는 521명으로 나타남\n- 3년간 30건 이상 자동차 사고가 있었던 피해자는 46명, 25건 이상 사고 피해자는 94명이며, \n20건 이상 사고 피해자는 197명으로 나타남 \n▶자동차 사고 다건 피해자(5년간 4건 이상)는 20~30대 청년층이, 자동차 사고 단건 피해자(5년간 \n1건)는 40~50대 중장년층이 많음\n￮\n자동차 사고 다건(4건 이상) 피해자 중 가장 많은 연령대가 20대(30%)인데 반하여, 자동차 사고 \n단건(1건) 피해자 중 가장 많은 연령대는 40대(17%)로 나타남\n- 자동차 사고 다건 피해자의 연령대 비중은 20대(30%)가 50대(12%)보다 18%p 많았으나, 자동차 \n사고 단건 피해자의 연령대 비중은 20대(10%)가 50대(20%)보다 10%p 적음\n￮\n자동차 사고 단건 피해자 연령대별 비중은 40대, 50대, 30대 순으로 많아 중장년층 비중이 많고, \n자동차 사고 다건 피해자는 20대, 30대, 40대 순으로 20~30대 청년층 비중이 높음\n[사고건수별 피해자 연령대 비중]\n']","자동차 사고 다건 피해자는 5년간 4건 이상 사고가 있었던 경우로, 주로 20~30대 청년층이 많습니다. 5년간 자동차 사고 2건 이상인 피해자 비중은 13.6%로, 2건인 피해자는 10.7%, 3건은 1.9%, 4건 이상은 1.0%로 나타났습니다. 반면, 단건 피해자는 40~50대 중장년층이 많고, 단건 피해자 중 가장 많은 연령대는 40대입니다.",single_hop_specific_query_synthesizer,5,Insurance Market Analyst,POOR_GRAMMAR,MEDIUM
17,한국신용정보원,[이슈리포트 2023-2호] 자동차보험 대인사고 현황 분석.pdf,자동차손해배상 보장법에 따른 상해급수별 피해자 비중은 어떻게 되나요?,"['| 6 | CIS이슈리포트 2023-2호 \n4. 상해급수별 특징\n▶자동차 사고 피해자 중 경상인 12급과 14급의 피해자가 차지하는 비중은 94.1%로 자동차 사고 \n피해자의 대부분을 차지\n￮\n12급과 14급을 제외한 중상(상해급수 1~7급)과 경상 중에서도 12급과 14급을 제외한 나머지 경상(상\n해급수 8,9,10,11,13급) 피해자 비중은 5.9%로 많지 않음\n￮\n12급과 14급 피해자 비중은 2018년 93.7%에서 2022년 94.6%로 0.9%p 증가\n- 급수별로 구분해서 본다면, 14급 피해자 비중은 감소(2018년에서 2022년 동안 14급 피해자 비중은 \n69.5%→68.6%로 0.9%p 감소), 12급 피해자 비중은 증가(24.2%→26.0%로 1.8%p 증가)\n상해급수\n18Y\n19Y\n20Y\n21Y\n22Y\n23Y\n총합계\n1급\n0.1%\n0.1%\n0.1%\n0.1%\n0.1%\n0.0%\n0.1%\n2급\n0.2%\n0.1%\n0.1%\n0.1%\n0.1%\n0.0%\n0.1%\n3급\n0.2%\n0.1%\n0.1%\n0.1%\n0.1%\n0.0%\n0.1%\n4급\n0.3%\n0.2%\n0.2%\n0.2%\n0.2%\n0.1%\n0.2%\n5급\n0.4%\n0.4%\n0.3%\n0.3%\n0.2%\n0.2%\n0.3%\n6급\n0.3%\n0.3%\n0.3%\n0.2%\n0.2%\n0.1%\n0.3%\n7급\n0.6%\n0.6%\n0.5%\n0.5%\n0.5%\n0.3%\n0.5%\n8급\n0.5%\n0.5%\n0.5%\n0.5%\n0.4%\n0.3%\n0.5%\n9급\n1.0%\n1.1%\n1.2%\n1.2%\n1.0%\n0.8%\n1.1%\n10급\n0.1%\n0.1%\n0.1%\n0.1%\n0.1%\n0.1%\n0.1%\n11급\n2.4%\n2.5%\n2.8%\n3.0%\n2.6%\n4.0%\n2.7%\n12급\n24.2%\n21.0%\n21.1%\n25.6%\n26.0%\n32.0%\n23.9%\n13급\n0.2%\n0.1%\n0.1%\n0.0%\n0.0%\n0.0%\n0.1%\n14급\n69.5%\n72.9%\n72.7%\n68.1%\n68.6%\n62.1%\n70.1%\n총합계\n100.0%\n100.0%\n100.0%\n100.0%\n100.0%\n100.0%\n100.0%\n※ 상해급수별 대표 상병(자동차손해배상 보장법 시행령 별표1)\n · 1급 : 완전 사지마비, 완전 하반신마비, 심장파열(수술시행) 등\n · 5급 : 뇌손상으로 신경학적 증상이 중등도인 상해가 48시간 미만 지속(수술시행), 안정성 추체골절 등\n · 11급 : 뇌진탕, 손발가락 골절 및 탈구 등\n · 12급 : 척추염좌, 단순염좌, 외상후 스트레스 장해 등\n · 13급 : 단순 고막 파열, 늑골 골절 없는 흉부 타박상 등\n · 14급 : 사지 단순타박, 수족지 관절 염좌 등\n[상해급수별 피해자 비중]\n']","자동차 사고 피해자 중 경상인 12급과 14급의 피해자가 차지하는 비중은 94.1%로, 자동차 사고 피해자의 대부분을 차지합니다. 12급과 14급 피해자 비중은 2018년 93.7%에서 2022년 94.6%로 증가하였으며, 14급 피해자 비중은 감소(69.5%에서 68.6%로)하고, 12급 피해자 비중은 증가(24.2%에서 26.0%로)하였습니다.",single_hop_specific_query_synthesizer,6,Pet Insurance Underwriter,WEB_SEARCH_LIKE,SHORT
18,한국신용정보원,[이슈리포트 2025-1호] 반려동물보험 현황 및 사고군별 손해특성 분석.pdf,"What are the expected trends in pet insurance subscriptions by the end of 2024, and how do they relate to the characteristics of claims based on age and breed?","['<1-hop>\n\n반려동물보험 현황 및 사고군별 손해특성 분석\n  CIS이슈리포트 2025-1호 | 1 |\n<요  약>\n▶국내 반려동물보험 시장은 양육가구 및 반려동물 수 증가와 함께 확대 중이나, 가입률은 2024년 말 기준 \n약 2.1% 수준으로 향후 성장 여지가 큼\n￮\n2020년~2024년 5년간 반려동물 수는 74만 마리(+10.7%), 반려동물보험 신규가입 수는 7만 마리(+512%) \n증가하며 시장 확대 흐름이 뚜렷함\n \n▶반려견과 반려묘 모두 반려동물보험 신규가입 수가 각각 연평균 53.1%, 86.8%로 빠르게 증가하고 있음\n￮\n신규가입 연령대는 기존 0-3세 중심에서 4세 이상으로 점차 확대되는 추세\n \n▶사고건수·사고금액은 모두 최근 5년간 연평균 60~70% 수준으로 빠르게 증가하고 있으며, 사고군별로 \n발생 양상에 뚜렷한 차이가 나타남\n￮\n반려견의 사고건수는 내과, 피부 등 일상적 진료 수요가 높은 사고군에 집중되는 반면, 사고금액은 \n정형, 종양·암, 신장 등 고액 진료가 필요한 사고군에서 크게 나타나는 양상이 확인됨\n￮\n반려묘의 사고건수·사고금액 모두 내과, 신장질환 중심으로 발생하며, 이는 반려묘의 생활패턴 및 \n신체구조 특성 등이 반영된 결과로 해석됨\n \n▶손해 상대위험도 분석을 통해 품종·연령·사고군 등 위험 단위별 손해 수준의 상대적 차이를 파악할 수 \n있었으며, 이는 향후 요율검토, 언더라이팅 기준 정비 등 보험회사 정책 설계의 근거로 활용될 수 있음\n￮\n(품종/사고군) 품종과 사고군 조합에 따라 손해 위험 수준의 차이가 뚜렷하게 나타나며, 특정 품종에서 \n일부 사고군의 위험도가 상대적으로 높게 확인됨\n￮\n(연령/사고군) 저연령은 활동성과 연관된 사고군에서 위험이 높고, 고연령은 질병 중심 사고군에서 \n위험이 크게 증가하는 경향이 확인됨\n \n▶반려견·반려묘의 사고군별 사고금액 분포를 기반으로 상위 분위수를 산출하였고, 이를 통해 사고 한 건당 \n보장수준을 가늠할 수 있는 기초자료를 제시함\n \n▶반려동물보험 시장은 신규가입과 사고 규모가 지속적으로 확대되고 있으며, 데이터가 축적됨에 따라 \n품종·연령·사고군별 손해 특성이 점차 명확하게 드러나고 있음\n￮\n향후 데이터가 더 축적되고 구조화가 이루어질 경우, 품종·연령·사고군 단위의 보다 세밀한 위험 \n평가와 상품 다양화 등 활용가능성이 확대될 것으로 기대됨\n￮\n또한, 소비자 관점에서도 품종·연령별 특성을 고려한 보장 선택권이 확대될 수 있으며, 보다 합리적인 \n담보 구성과 가입 기준 마련에도 도움이 될 것으로 보임\n반려동물보험 현황 및 사고군별 손해특성 분석\n안태형 조사역(taehung23@kcredit.or.kr)\n']","By the end of 2024, the pet insurance subscription rate is expected to be around 2.1%, indicating significant growth potential in the market. The number of pets is projected to increase by 10.7% over five years, with new subscriptions rising by 512%. Claims characteristics show that younger pets are associated with higher risks in activity-related incidents, while older pets tend to have increased risks related to diseases. This differentiation in claims based on age and breed will help insurance companies refine their policies and underwriting standards.",multi_hop_specific_query_synthesizer,1,,,
19,한국신용정보원,[이슈리포트 2024-1호] 국내 외국인 보험 계약 및 보험금 지급 현황 분석.pdf,외국인 보험 계약이 증가하는데 보험금 지급 현황은 어떻게 되나?,"['<1-hop>\n\n국내 외국인 보험 계약 및 보험금 지급 현황 분석\n  CIS이슈리포트 2024-1호 | 5 |\n2-1. 외국인 보험 계약 현황\n[분석요건 정의]\n분석 대상\n· 한국신용정보원에 집중된 외국인·내국인 개인보험 계약정보\n - 납입보험료가 1원 이상이며, 보험 계약 증권을 기준으로 함\n분석 시점\n· ’19년 1월 ~ ’24년 9월\n▶’23년 12월 말 기준 정상 유지 중인 외국인 보험 계약건수는 약 232만 건, 내국인 보험은 \n약 2억 건으로 내국인이 여전히 높은 비중을 차지하나, 외국인 계약은 빠른 증가세를 보임\n￮\n’19년~’23년 외국인 계약 연평균 증가율은 19.0%로, 내국인(13.2%)보다 증가세가 더 강하게 나타남\n- 외국인 보험 계약 추이: (’19.12월) 115.7만 건 → (’23.12월) 232.2만 건\n- 내국인 보험 계약 추이: (’19.12월) 1억 2천만 건 → (’23.12월) 2억 건\n￮\n그럼에도 ’24년 9월 말 기준 외국인 보험 가입률6)은 약 51.3%, 내국인 보험 가입률은 약 \n88.3%로, 내국인 가입률 대비 외국인의 보험 가입률은 현저히 낮게 나타남\n[외국인 보험 계약 추이]\n(단위: 만 건)\n   \n[내국인 보험 계약 추이]\n(단위: 백만 건)\n자료: 한국신용정보원(이하 자료출처 없는 표 및 그래프는 한국신용정보원 자료임)\n6) 외국인: 보험 가입자 수 ÷ 장기체류 외국인 수, 내국인: 보험 가입자 수 ÷ 주민등록인구 수\n']","외국인 보험 계약은 2019년부터 2023년까지 연평균 19.0% 증가하였으나, 보험 가입률은 51.3%로 내국인의 88.3%에 비해 현저히 낮다. 이는 외국인 보험 계약이 빠르게 증가하고 있지만, 보험금 지급 현황에 대한 정보는 제공되지 않았다.",multi_hop_specific_query_synthesizer,5,,,
20,한국신용정보원,[이슈리포트 2024-1호] 국내 외국인 보험 계약 및 보험금 지급 현황 분석.pdf,"외국인과 내국인 중에서 질병(건강)보험의 계약 비중은 어떻게 다르며, 어떤 연령대에서 계약 증가율이 더 높게 나타나고 있나요?","['<1-hop>\n\n| 6 | CIS이슈리포트 2024-1호 \n① 보험 계약 비중 및 증가율 현황\n▶연령별 계약 비중의 경우 외국인은 30대(28%)가, 내국인은 60대 이상(28%)이 높게 나타남\n￮\n외국인은 전 연령대에서 내국인보다 계약 증가율이 높게 나타나며 빠르게 성장 중\n \n[연령별 계약 증가율]\n(’19~’23년 연평균, 단위: %)\n \n[연령별 계약 비중]\n(’24.9월 말 기준, 단위: %)\n▶외국인과 내국인 모두 상해보험, 질병(건강)보험, 자동차보험에 대한 계약비중이 높게 나타남\n￮\n(보험종류별 외국인 계약비중) 1위: 상해보험(31%), 2위: 질병(건강)보험(18%), 3위: 자동차보험(14%)\n￮\n(보험종류별 내국인 계약비중) 1위: 질병(건강)보험(20%), 2위: 상해보험(19%), 3위: 자동차보험(12%)\n[보험종류별 계약 비중]\n(’24.9월 말 기준, 단위: %)\n']","외국인과 내국인 모두 질병(건강)보험에 대한 계약 비중이 높게 나타나는데, 외국인은 18%로 2위, 내국인은 20%로 1위를 차지하고 있습니다. 또한, 외국인은 전 연령대에서 내국인보다 계약 증가율이 높게 나타나며 빠르게 성장 중입니다.",multi_hop_specific_query_synthesizer,6,,,
21,한국신용정보원,[이슈리포트 2024-1호] 국내 외국인 보험 계약 및 보험금 지급 현황 분석.pdf,"What trends can be observed in the growth of 운전자보험 subscriptions among foreign and local residents from 2019 to 2023, and how do these trends compare in terms of average payout amounts?","['<1-hop>\n\n| 12 | CIS이슈리포트 2024-1호 \n▶외국인과 내국인 모두 상해보험 지급건수 비중이 높게 나타나고, 자동차보험 및 질병(건강)보험 \n지급액 비중이 높게 나타남\n￮\n상해보험의 경우 질병통원의료비(실손)에 대한 지급건수 비중이 가장 높게 나타나며, 외국인 대비 \n내국인 평균 지급건수가 더 높게 나타남\n- 인당 질병통원의료비 평균 지급건수: (외국인) 7.6건, (내국인) 약 9.8건\n￮\n자동차보험의 경우 외국인은 대물배상, 내국인은 대인배상(Ⅰ+Ⅱ) 지급액이 높게 나타나며, 평균 \n지급액에서는 외국인 내국인 모두 큰 차이 없음\n- 인당 대인배상 평균 지급액: (외국인) 약 505만 원, (내국인) 약 533만 원\n￮\n질병(건강)보험의 경우 질병진단(정액) 지급액이 높게 나타나며, 평균 지급액에서는 내국인 대비 \n외국인이 약 22% 적게 나타남\n- 인당 질병진단(정액) 평균 지급액: (외국인) 약 1,419만 원, (내국인) 약 1,815만 원\n[보험금 지급 상위 보험종류]\n(’24.9월 말 기준)\n보험종류\n외국인\n내국인\n지급건수(만 건)\n지급액(억 원)\n지급건수(백만 건)\n지급액(백억 원)\n질병(건강)보험\n145\n6,131\n134\n6,908\n상해보험\n173\n6,159\n167\n6,037\n자동차보험\n113\n8,277\n81\n6,184\n▶성·연령별 연평균 지급액 증가율을 보험종류별로 살펴보면, 외국인은 치아보험(20대 남성, 86%), \n내국인은 운전자보험(20대↓남성, 72%)이 1위를 차지함\n￮\n외국인은 계약 증가율과 유사하게 성·연령별 전반적으로 치아보험 지급액 증가율이 높게 나타남\n- 치아보험 보험금 지급 추이*: (’19.12월) 41억 원(1.7만 건) → (’23.12월) 179억 원(4.9만 건)\n* 인당 평균 지급액: (’19.12월) 91만 원 → (’23.12월) 172만 원\n￮\n내국인 운전자보험(20대↓ 남성) 지급액은 ’19년 11억 원에서 ’23년 96억 원으로 약 8.8배 증가함\n[성·연령별 지급액 증가율 상위 보험종류]\n(’19~’23년 연평균 기준, 단위: %)\n연령대\n외국인\n내국인\n남성\n여성\n남성\n여성\n보험종류\n증가율\n보험종류\n증가율\n보험종류\n증가율\n보험종류\n증가율\n20대 미만\n질병(건강)\n61%\n치아\n72%\n운전자\n72%\n암\n68%\n20대\n치아\n86%\n자동차\n77%\n자동차\n53%\n화재/재물\n61%\n30대\n어린이\n66%\n실손의료\n40%\n배상책임\n30%\n화재/재물\n36%\n40대\n치아\n59%\n암\n49%\n실손의료\n26%\n실손의료\n30%\n50대\n치아\n49%\n치아\n42%\n실손의료\n28%\n실손의료\n25%\n60대 이상\n치아\n46%\n치아\n30%\n실손의료\n26%\n배상책임\n28%\n', '<2-hop>\n\n| 14 | CIS이슈리포트 2024-1호 \n3. 요약 및 시사점\n▶’24년 9월 말 기준 외국인 보험 가입자는 약 103만 명으로, 보험 가입률은 약 51.3%임\n￮\n’19년~’23년 외국인 보험 계약 연평균 증가율은 19.0%로 내국인(13.2%)보다 높은 증가세를 보임\n- 외국인은 전 연령대에서 내국인보다 계약 증가율이 높게 나타나며, 특히 60대↑ 증가율이 높음\n￮\n내국인 보험 가입률인 약 88.3%에 비해 외국인 보험 가입률은 현저히 낮은 편\n▶’24년 9월 말 기준 외국인은 상해(31%), 내국인은 질병(건강)(20%) 보험계약 비중이 높게 나타남\n￮\n계약 증가율 측면에서 외국인은 치아 및 운전자보험, 내국인은 종신 및 운전자보험 증가율이 높음\n▶’19년~’23년 외국인 신계약 판매 추이를 살펴보면 치아, 운전자, 상해보험 판매 증가율이 높음\n￮\n치아보험의 경우 연납화초회보험료 증가율(82%)도 높게 나타남\n▶’19년~’23년 외국인 보험금 지급건수 및 지급액은 내국인 대비 높은 증가세를 보임\n￮\n외국인은 생·손보업권 모두 질병통원의료비(실손) 지급대상자·건수 비중이 높게 나타나며, 지급액 \n기준으로 생보업권은 질병진단(정액)이, 손보업권은 자동차 대물배상 지급액이 크게 나타남\n- 평균 지급액(인당) 측면에서 내국인 평균 지급액(인당)보다 적거나 비슷하게 나타남\n￮\n외국인, 내국인 모두 상해보험 지급건수 비중이 높고, 자동차, 질병(건강)보험 지급액이 크게 나타남\n- 외국인 평균 지급액(인당) 측면에서 내국인 평균 지급액(인당)보다 적거나 비슷하게 나타남\n￮\n지급액 증가율 측면에서 외국인 치아보험 지급액 증가율이 성별과 연령에 관계없이 높게 나타남\n▶국내 체류외국인 증가에 따라 외국인 보험 가입자 역시 증가하는 추세이며, 외국인 국민건강보험 \n적용 기준이 강화됨에 따라 보장 공백 해소를 위한 민영보험 영역이 확대될 여지가 있음\n￮\n다만, 확대 고려 시 특정 지급사유(질병·상해수술, 치과치료 및 실손 질병/상해 입·통원의료비 등) 보험금 지급액이 \n’19년 대비 급격히 증가하는 상황을 감안하여, 타겟 고객 설정 시 신중한 접근이 필요함\n※ 본 보고서의 내용은 작성자 개인의 의견으로서 한국신용정보원의 공식 견해와 다를 수 있습니다. 본 \n보고서를 사용 또는 인용할 경우에는 출처를 명시하시기 바랍니다.\n']","From 2019 to 2023, the subscriptions for 운전자보험 among local residents, particularly males under 20, saw a significant increase, with payouts rising from 1.1 billion won to 9.6 billion won, approximately an 8.8-fold increase. In contrast, while the context does not provide specific figures for foreign residents' 운전자보험 payouts, it indicates that the overall contract increase rate for foreign residents is higher than that of local residents, suggesting a growing interest in this insurance type among foreigners as well. The average payout amounts for both groups were not distinctly highlighted, but the trends indicate a notable growth in the local market for 운전자보험.",multi_hop_specific_query_synthesizer,12,,,
22,한국신용정보원,[이슈리포트 2025-1호] 반려동물보험 현황 및 사고군별 손해특성 분석.pdf,"What changes in the age structure of new dog insurance subscriptions were observed in 2022, and how does this relate to the overall growth trend in new subscriptions over the past five years?","['<1-hop>\n\n| 6 | CIS이슈리포트 2025-1호 \n3. 반려견 분석\n(1) 보험 신규가입 수 현황\n▶(품종별 신규가입 수) 반려견 신규가입 수는 최근 5년간 연평균 53.1% 증가하며 빠른 성장세를 \n보였고, 일부 인기 품종은 이보다 더 빠른 속도로 확대됨\n￮\n특히 비숑, 스피츠, 믹스 등 인기 품종의 신규가입은 최근 2년간 전년 대비 약 2배의 증가추세를 \n이어가며 뚜렷한 확대 흐름을 보임\n￮\n이러한 품종별 가입 변화는 품종의 유행이 보험 가입에도 반영되고 있음을 보여주며, 향후 품종 \n특성을 고려하여 상품·언더라이팅 전략을 검토해 볼 수 있음\n[반려견 주요 품종별 신규가입 수]\n(단위: 마리)\n품종\\연도\n2020\n2021\n2022\n2023\n2024\n연평균 증감률\n말티즈\n1,947\n2,252\n2,557\n5,025\n7,598\n40.6%\n푸들\n2,561\n3,126\n3,561\n6,147\n9,452\n38.6%\n비숑\n928\n1,630\n2,507\n5,109\n9,301\n77.9%\n스피츠\n329\n319\n322\n1,386\n2,759\n70.2%\n믹스\n1,140\n2,005\n3,651\n8,036\n16,102\n93.9%\n전체\n12,445\n16,090\n21,010\n40,766\n68,456\n53.1%\n▶(연령별 신규가입 수) 반려견 신규가입 연령구조는 2022년 이후 0-1세 중심 구조에서 벗어나고 \n있으며, 중·고연령(4-5세, 6-7세, 8세 이상) 구간의 가입 비중이 점차 확대되는 변화가 나타남\n￮\n특히 0-1세 비중은 60%에서 46%로 감소한 반면, 그 이상 연령구간은 꾸준한 증가세를 보이며 \n연령대별 가입 구조가 점진적으로 다변화되는 양상이 확인됨\n[반려견 연령구간별 신규가입 수 비중]\n       \n']","In 2022, the age structure of new dog insurance subscriptions began to shift away from being predominantly focused on the 0-1 year age group. The proportion of new subscriptions for dogs aged 0-1 decreased from 60% to 46%, while the subscription rates for older age groups (4-5 years, 6-7 years, and 8 years and older) showed a steady increase. This change indicates a diversification in the age demographics of new subscriptions, which aligns with the overall growth trend in new dog insurance subscriptions that have increased at an average rate of 53.1% over the past five years.",multi_hop_specific_query_synthesizer,6,,,
